      0  0.00000000E+00     NSTEP   TIME
 SURFACE NODE              X              Y      REC. FLUX
            1   0.000000E+00   1.000000E+01   0.000000E+00
            2   5.000000E-01   1.000000E+01   0.000000E+00
            3   1.000000E+00   1.000000E+01   0.000000E+00
            4   1.500000E+00   1.000000E+01   0.000000E+00
            5   2.000000E+00   1.000000E+01   0.000000E+00
            6   2.500000E+00   1.000000E+01   0.000000E+00
            7   3.000000E+00   1.000000E+01   0.000000E+00
            8   3.500000E+00   1.000000E+01   0.000000E+00
            9   4.000000E+00   1.000000E+01   0.000000E+00
           10   4.500000E+00   1.000000E+01   0.000000E+00
           11   5.000000E+00   1.000000E+01   0.000000E+00
           12   5.500000E+00   1.000000E+01   0.000000E+00
           13   6.000000E+00   1.000000E+01   0.000000E+00
           14   6.500000E+00   1.000000E+01   0.000000E+00
           15   7.000000E+00   1.000000E+01   0.000000E+00
           16   7.500000E+00   1.000000E+01   0.000000E+00
           17   8.000000E+00   1.000000E+01   0.000000E+00
           18   8.500000E+00   1.000000E+01   0.000000E+00
           19   9.000000E+00   1.000000E+01   0.000000E+00
           20   9.500000E+00   1.000000E+01   0.000000E+00
           21   1.000000E+01   1.000000E+01   0.000000E+00
           22   0.000000E+00   9.500000E+00   0.000000E+00
           23   5.000000E-01   9.500000E+00   0.000000E+00
           24   1.000000E+00   9.500000E+00   0.000000E+00
           25   1.500000E+00   9.500000E+00   0.000000E+00
           26   2.000000E+00   9.500000E+00   0.000000E+00
           27   2.500000E+00   9.500000E+00   0.000000E+00
           28   3.000000E+00   9.500000E+00   0.000000E+00
           29   3.500000E+00   9.500000E+00   0.000000E+00
           30   4.000000E+00   9.500000E+00   0.000000E+00
           31   4.500000E+00   9.500000E+00   0.000000E+00
           32   5.000000E+00   9.500000E+00   0.000000E+00
           33   5.500000E+00   9.500000E+00   0.000000E+00
           34   6.000000E+00   9.500000E+00   0.000000E+00
           35   6.500000E+00   9.500000E+00   0.000000E+00
           36   7.000000E+00   9.500000E+00   0.000000E+00
           37   7.500000E+00   9.500000E+00   0.000000E+00
           38   8.000000E+00   9.500000E+00   0.000000E+00
           39   8.500000E+00   9.500000E+00   0.000000E+00
           40   9.000000E+00   9.500000E+00   0.000000E+00
           41   9.500000E+00   9.500000E+00   0.000000E+00
           42   1.000000E+01   9.500000E+00   0.000000E+00
           43   0.000000E+00   9.000000E+00   0.000000E+00
           44   5.000000E-01   9.000000E+00   0.000000E+00
           45   1.000000E+00   9.000000E+00   0.000000E+00
           46   1.500000E+00   9.000000E+00   0.000000E+00
           47   2.000000E+00   9.000000E+00   0.000000E+00
           48   2.500000E+00   9.000000E+00   0.000000E+00
           49   3.000000E+00   9.000000E+00   0.000000E+00
           50   3.500000E+00   9.000000E+00   0.000000E+00
           51   4.000000E+00   9.000000E+00   0.000000E+00
           52   4.500000E+00   9.000000E+00   0.000000E+00
           53   5.000000E+00   9.000000E+00   0.000000E+00
           54   5.500000E+00   9.000000E+00   0.000000E+00
           55   6.000000E+00   9.000000E+00   0.000000E+00
           56   6.500000E+00   9.000000E+00   0.000000E+00
           57   7.000000E+00   9.000000E+00   0.000000E+00
           58   7.500000E+00   9.000000E+00   0.000000E+00
           59   8.000000E+00   9.000000E+00   0.000000E+00
           60   8.500000E+00   9.000000E+00   0.000000E+00
           61   9.000000E+00   9.000000E+00   0.000000E+00
           62   9.500000E+00   9.000000E+00   0.000000E+00
           63   1.000000E+01   9.000000E+00   0.000000E+00
           64   0.000000E+00   8.500000E+00   0.000000E+00
           65   5.000000E-01   8.500000E+00   0.000000E+00
           66   1.000000E+00   8.500000E+00   0.000000E+00
           67   1.500000E+00   8.500000E+00   0.000000E+00
           68   2.000000E+00   8.500000E+00   0.000000E+00
           69   2.500000E+00   8.500000E+00   0.000000E+00
           70   3.000000E+00   8.500000E+00   0.000000E+00
           71   3.500000E+00   8.500000E+00   0.000000E+00
           72   4.000000E+00   8.500000E+00   0.000000E+00
           73   4.500000E+00   8.500000E+00   0.000000E+00
           74   5.000000E+00   8.500000E+00   0.000000E+00
           75   5.500000E+00   8.500000E+00   0.000000E+00
           76   6.000000E+00   8.500000E+00   0.000000E+00
           77   6.500000E+00   8.500000E+00   0.000000E+00
           78   7.000000E+00   8.500000E+00   0.000000E+00
           79   7.500000E+00   8.500000E+00   0.000000E+00
           80   8.000000E+00   8.500000E+00   0.000000E+00
           81   8.500000E+00   8.500000E+00   0.000000E+00
           82   9.000000E+00   8.500000E+00   0.000000E+00
           83   9.500000E+00   8.500000E+00   0.000000E+00
           84   1.000000E+01   8.500000E+00   0.000000E+00
           85   0.000000E+00   8.000000E+00   0.000000E+00
           86   5.000000E-01   8.000000E+00   0.000000E+00
           87   1.000000E+00   8.000000E+00   0.000000E+00
           88   1.500000E+00   8.000000E+00   0.000000E+00
           89   2.000000E+00   8.000000E+00   0.000000E+00
           90   2.500000E+00   8.000000E+00   0.000000E+00
           91   3.000000E+00   8.000000E+00   0.000000E+00
           92   3.500000E+00   8.000000E+00   0.000000E+00
           93   4.000000E+00   8.000000E+00   0.000000E+00
           94   4.500000E+00   8.000000E+00   0.000000E+00
           95   5.000000E+00   8.000000E+00   0.000000E+00
           96   5.500000E+00   8.000000E+00   0.000000E+00
           97   6.000000E+00   8.000000E+00   0.000000E+00
           98   6.500000E+00   8.000000E+00   0.000000E+00
           99   7.000000E+00   8.000000E+00   0.000000E+00
          100   7.500000E+00   8.000000E+00   0.000000E+00
          101   8.000000E+00   8.000000E+00   0.000000E+00
          102   8.500000E+00   8.000000E+00   0.000000E+00
          103   9.000000E+00   8.000000E+00   0.000000E+00
          104   9.500000E+00   8.000000E+00   0.000000E+00
          105   1.000000E+01   8.000000E+00   0.000000E+00
          106   0.000000E+00   7.500000E+00   0.000000E+00
          107   5.000000E-01   7.500000E+00   0.000000E+00
          108   1.000000E+00   7.500000E+00   0.000000E+00
          109   1.500000E+00   7.500000E+00   0.000000E+00
          110   2.000000E+00   7.500000E+00   0.000000E+00
          111   2.500000E+00   7.500000E+00   0.000000E+00
          112   3.000000E+00   7.500000E+00   0.000000E+00
          113   3.500000E+00   7.500000E+00   0.000000E+00
          114   4.000000E+00   7.500000E+00   0.000000E+00
          115   4.500000E+00   7.500000E+00   0.000000E+00
          116   5.000000E+00   7.500000E+00   0.000000E+00
          117   5.500000E+00   7.500000E+00   0.000000E+00
          118   6.000000E+00   7.500000E+00   0.000000E+00
          119   6.500000E+00   7.500000E+00   0.000000E+00
          120   7.000000E+00   7.500000E+00   0.000000E+00
          121   7.500000E+00   7.500000E+00   0.000000E+00
          122   8.000000E+00   7.500000E+00   0.000000E+00
          123   8.500000E+00   7.500000E+00   0.000000E+00
          124   9.000000E+00   7.500000E+00   0.000000E+00
          125   9.500000E+00   7.500000E+00   0.000000E+00
          126   1.000000E+01   7.500000E+00   0.000000E+00
          127   0.000000E+00   7.000000E+00   0.000000E+00
          128   5.000000E-01   7.000000E+00   0.000000E+00
          129   1.000000E+00   7.000000E+00   0.000000E+00
          130   1.500000E+00   7.000000E+00   0.000000E+00
          131   2.000000E+00   7.000000E+00   0.000000E+00
          132   2.500000E+00   7.000000E+00   0.000000E+00
          133   3.000000E+00   7.000000E+00   0.000000E+00
          134   3.500000E+00   7.000000E+00   0.000000E+00
          135   4.000000E+00   7.000000E+00   0.000000E+00
          136   4.500000E+00   7.000000E+00   0.000000E+00
          137   5.000000E+00   7.000000E+00   0.000000E+00
          138   5.500000E+00   7.000000E+00   0.000000E+00
          139   6.000000E+00   7.000000E+00   0.000000E+00
          140   6.500000E+00   7.000000E+00   0.000000E+00
          141   7.000000E+00   7.000000E+00   0.000000E+00
          142   7.500000E+00   7.000000E+00   0.000000E+00
          143   8.000000E+00   7.000000E+00   0.000000E+00
          144   8.500000E+00   7.000000E+00   0.000000E+00
          145   9.000000E+00   7.000000E+00   0.000000E+00
          146   9.500000E+00   7.000000E+00   0.000000E+00
          147   1.000000E+01   7.000000E+00   0.000000E+00
          148   0.000000E+00   6.500000E+00   0.000000E+00
          149   5.000000E-01   6.500000E+00   0.000000E+00
          150   1.000000E+00   6.500000E+00   0.000000E+00
          151   1.500000E+00   6.500000E+00   0.000000E+00
          152   2.000000E+00   6.500000E+00   0.000000E+00
          153   2.500000E+00   6.500000E+00   0.000000E+00
          154   3.000000E+00   6.500000E+00   0.000000E+00
          155   3.500000E+00   6.500000E+00   0.000000E+00
          156   4.000000E+00   6.500000E+00   0.000000E+00
          157   4.500000E+00   6.500000E+00   0.000000E+00
          158   5.000000E+00   6.500000E+00   0.000000E+00
          159   5.500000E+00   6.500000E+00   0.000000E+00
          160   6.000000E+00   6.500000E+00   0.000000E+00
          161   6.500000E+00   6.500000E+00   0.000000E+00
          162   7.000000E+00   6.500000E+00   0.000000E+00
          163   7.500000E+00   6.500000E+00   0.000000E+00
          164   8.000000E+00   6.500000E+00   0.000000E+00
          165   8.500000E+00   6.500000E+00   0.000000E+00
          166   9.000000E+00   6.500000E+00   0.000000E+00
          167   9.500000E+00   6.500000E+00   0.000000E+00
          168   1.000000E+01   6.500000E+00   0.000000E+00
          169   0.000000E+00   6.000000E+00   0.000000E+00
          170   5.000000E-01   6.000000E+00   0.000000E+00
          171   1.000000E+00   6.000000E+00   0.000000E+00
          172   1.500000E+00   6.000000E+00   0.000000E+00
          173   2.000000E+00   6.000000E+00   0.000000E+00
          174   2.500000E+00   6.000000E+00   0.000000E+00
          175   3.000000E+00   6.000000E+00   0.000000E+00
          176   3.500000E+00   6.000000E+00   0.000000E+00
          177   4.000000E+00   6.000000E+00   0.000000E+00
          178   4.500000E+00   6.000000E+00   0.000000E+00
          179   5.000000E+00   6.000000E+00   0.000000E+00
          180   5.500000E+00   6.000000E+00   0.000000E+00
          181   6.000000E+00   6.000000E+00   0.000000E+00
          182   6.500000E+00   6.000000E+00   0.000000E+00
          183   7.000000E+00   6.000000E+00   0.000000E+00
          184   7.500000E+00   6.000000E+00   0.000000E+00
          185   8.000000E+00   6.000000E+00   0.000000E+00
          186   8.500000E+00   6.000000E+00   0.000000E+00
          187   9.000000E+00   6.000000E+00   0.000000E+00
          188   9.500000E+00   6.000000E+00   0.000000E+00
          189   1.000000E+01   6.000000E+00   0.000000E+00
          190   0.000000E+00   5.500000E+00   0.000000E+00
          191   5.000000E-01   5.500000E+00   0.000000E+00
          192   1.000000E+00   5.500000E+00   0.000000E+00
          193   1.500000E+00   5.500000E+00   0.000000E+00
          194   2.000000E+00   5.500000E+00   0.000000E+00
          195   2.500000E+00   5.500000E+00   0.000000E+00
          196   3.000000E+00   5.500000E+00   0.000000E+00
          197   3.500000E+00   5.500000E+00   0.000000E+00
          198   4.000000E+00   5.500000E+00   0.000000E+00
          199   4.500000E+00   5.500000E+00   0.000000E+00
          200   5.000000E+00   5.500000E+00   0.000000E+00
          201   5.500000E+00   5.500000E+00   0.000000E+00
          202   6.000000E+00   5.500000E+00   0.000000E+00
          203   6.500000E+00   5.500000E+00   0.000000E+00
          204   7.000000E+00   5.500000E+00   0.000000E+00
          205   7.500000E+00   5.500000E+00   0.000000E+00
          206   8.000000E+00   5.500000E+00   0.000000E+00
          207   8.500000E+00   5.500000E+00   0.000000E+00
          208   9.000000E+00   5.500000E+00   0.000000E+00
          209   9.500000E+00   5.500000E+00   0.000000E+00
          210   1.000000E+01   5.500000E+00   0.000000E+00
          211   0.000000E+00   5.000000E+00   0.000000E+00
          212   5.000000E-01   5.000000E+00   0.000000E+00
          213   1.000000E+00   5.000000E+00   0.000000E+00
          214   1.500000E+00   5.000000E+00   0.000000E+00
          215   2.000000E+00   5.000000E+00   0.000000E+00
          216   2.500000E+00   5.000000E+00   0.000000E+00
          217   3.000000E+00   5.000000E+00   0.000000E+00
          218   3.500000E+00   5.000000E+00   0.000000E+00
          219   4.000000E+00   5.000000E+00   0.000000E+00
          220   4.500000E+00   5.000000E+00   0.000000E+00
          221   5.000000E+00   5.000000E+00   0.000000E+00
          222   5.500000E+00   5.000000E+00   0.000000E+00
          223   6.000000E+00   5.000000E+00   0.000000E+00
          224   6.500000E+00   5.000000E+00   0.000000E+00
          225   7.000000E+00   5.000000E+00   0.000000E+00
          226   7.500000E+00   5.000000E+00   0.000000E+00
          227   8.000000E+00   5.000000E+00   0.000000E+00
          228   8.500000E+00   5.000000E+00   0.000000E+00
          229   9.000000E+00   5.000000E+00   0.000000E+00
          230   9.500000E+00   5.000000E+00   0.000000E+00
          231   1.000000E+01   5.000000E+00   0.000000E+00
          232   0.000000E+00   4.500000E+00   0.000000E+00
          233   5.000000E-01   4.500000E+00   0.000000E+00
          234   1.000000E+00   4.500000E+00   0.000000E+00
          235   1.500000E+00   4.500000E+00   0.000000E+00
          236   2.000000E+00   4.500000E+00   0.000000E+00
          237   2.500000E+00   4.500000E+00   0.000000E+00
          238   3.000000E+00   4.500000E+00   0.000000E+00
          239   3.500000E+00   4.500000E+00   0.000000E+00
          240   4.000000E+00   4.500000E+00   0.000000E+00
          241   4.500000E+00   4.500000E+00   0.000000E+00
          242   5.000000E+00   4.500000E+00   0.000000E+00
          243   5.500000E+00   4.500000E+00   0.000000E+00
          244   6.000000E+00   4.500000E+00   0.000000E+00
          245   6.500000E+00   4.500000E+00   0.000000E+00
          246   7.000000E+00   4.500000E+00   0.000000E+00
          247   7.500000E+00   4.500000E+00   0.000000E+00
          248   8.000000E+00   4.500000E+00   0.000000E+00
          249   8.500000E+00   4.500000E+00   0.000000E+00
          250   9.000000E+00   4.500000E+00   0.000000E+00
          251   9.500000E+00   4.500000E+00   0.000000E+00
          252   1.000000E+01   4.500000E+00   0.000000E+00
          253   0.000000E+00   4.000000E+00   0.000000E+00
          254   5.000000E-01   4.000000E+00   0.000000E+00
          255   1.000000E+00   4.000000E+00   0.000000E+00
          256   1.500000E+00   4.000000E+00   0.000000E+00
          257   2.000000E+00   4.000000E+00   0.000000E+00
          258   2.500000E+00   4.000000E+00   0.000000E+00
          259   3.000000E+00   4.000000E+00   0.000000E+00
          260   3.500000E+00   4.000000E+00   0.000000E+00
          261   4.000000E+00   4.000000E+00   0.000000E+00
          262   4.500000E+00   4.000000E+00   0.000000E+00
          263   5.000000E+00   4.000000E+00   0.000000E+00
          264   5.500000E+00   4.000000E+00   0.000000E+00
          265   6.000000E+00   4.000000E+00   0.000000E+00
          266   6.500000E+00   4.000000E+00   0.000000E+00
          267   7.000000E+00   4.000000E+00   0.000000E+00
          268   7.500000E+00   4.000000E+00   0.000000E+00
          269   8.000000E+00   4.000000E+00   0.000000E+00
          270   8.500000E+00   4.000000E+00   0.000000E+00
          271   9.000000E+00   4.000000E+00   0.000000E+00
          272   9.500000E+00   4.000000E+00   0.000000E+00
          273   1.000000E+01   4.000000E+00   0.000000E+00
          274   0.000000E+00   3.500000E+00   0.000000E+00
          275   5.000000E-01   3.500000E+00   0.000000E+00
          276   1.000000E+00   3.500000E+00   0.000000E+00
          277   1.500000E+00   3.500000E+00   0.000000E+00
          278   2.000000E+00   3.500000E+00   0.000000E+00
          279   2.500000E+00   3.500000E+00   0.000000E+00
          280   3.000000E+00   3.500000E+00   0.000000E+00
          281   3.500000E+00   3.500000E+00   0.000000E+00
          282   4.000000E+00   3.500000E+00   0.000000E+00
          283   4.500000E+00   3.500000E+00   0.000000E+00
          284   5.000000E+00   3.500000E+00   0.000000E+00
          285   5.500000E+00   3.500000E+00   0.000000E+00
          286   6.000000E+00   3.500000E+00   0.000000E+00
          287   6.500000E+00   3.500000E+00   0.000000E+00
          288   7.000000E+00   3.500000E+00   0.000000E+00
          289   7.500000E+00   3.500000E+00   0.000000E+00
          290   8.000000E+00   3.500000E+00   0.000000E+00
          291   8.500000E+00   3.500000E+00   0.000000E+00
          292   9.000000E+00   3.500000E+00   0.000000E+00
          293   9.500000E+00   3.500000E+00   0.000000E+00
          294   1.000000E+01   3.500000E+00   0.000000E+00
          295   0.000000E+00   3.000000E+00   0.000000E+00
          296   5.000000E-01   3.000000E+00   0.000000E+00
          297   1.000000E+00   3.000000E+00   0.000000E+00
          298   1.500000E+00   3.000000E+00   0.000000E+00
          299   2.000000E+00   3.000000E+00   0.000000E+00
          300   2.500000E+00   3.000000E+00   0.000000E+00
          301   3.000000E+00   3.000000E+00   0.000000E+00
          302   3.500000E+00   3.000000E+00   0.000000E+00
          303   4.000000E+00   3.000000E+00   0.000000E+00
          304   4.500000E+00   3.000000E+00   0.000000E+00
          305   5.000000E+00   3.000000E+00   0.000000E+00
          306   5.500000E+00   3.000000E+00   0.000000E+00
          307   6.000000E+00   3.000000E+00   0.000000E+00
          308   6.500000E+00   3.000000E+00   0.000000E+00
          309   7.000000E+00   3.000000E+00   0.000000E+00
          310   7.500000E+00   3.000000E+00   0.000000E+00
          311   8.000000E+00   3.000000E+00   0.000000E+00
          312   8.500000E+00   3.000000E+00   0.000000E+00
          313   9.000000E+00   3.000000E+00   0.000000E+00
          314   9.500000E+00   3.000000E+00   0.000000E+00
          315   1.000000E+01   3.000000E+00   0.000000E+00
          316   0.000000E+00   2.500000E+00   0.000000E+00
          317   5.000000E-01   2.500000E+00   0.000000E+00
          318   1.000000E+00   2.500000E+00   0.000000E+00
          319   1.500000E+00   2.500000E+00   0.000000E+00
          320   2.000000E+00   2.500000E+00   0.000000E+00
          321   2.500000E+00   2.500000E+00   0.000000E+00
          322   3.000000E+00   2.500000E+00   0.000000E+00
          323   3.500000E+00   2.500000E+00   0.000000E+00
          324   4.000000E+00   2.500000E+00   0.000000E+00
          325   4.500000E+00   2.500000E+00   0.000000E+00
          326   5.000000E+00   2.500000E+00   0.000000E+00
          327   5.500000E+00   2.500000E+00   0.000000E+00
          328   6.000000E+00   2.500000E+00   0.000000E+00
          329   6.500000E+00   2.500000E+00   0.000000E+00
          330   7.000000E+00   2.500000E+00   0.000000E+00
          331   7.500000E+00   2.500000E+00   0.000000E+00
          332   8.000000E+00   2.500000E+00   0.000000E+00
          333   8.500000E+00   2.500000E+00   0.000000E+00
          334   9.000000E+00   2.500000E+00   0.000000E+00
          335   9.500000E+00   2.500000E+00   0.000000E+00
          336   1.000000E+01   2.500000E+00   0.000000E+00
          337   0.000000E+00   2.000000E+00   0.000000E+00
          338   5.000000E-01   2.000000E+00   0.000000E+00
          339   1.000000E+00   2.000000E+00   0.000000E+00
          340   1.500000E+00   2.000000E+00   0.000000E+00
          341   2.000000E+00   2.000000E+00   0.000000E+00
          342   2.500000E+00   2.000000E+00   0.000000E+00
          343   3.000000E+00   2.000000E+00   0.000000E+00
          344   3.500000E+00   2.000000E+00   0.000000E+00
          345   4.000000E+00   2.000000E+00   0.000000E+00
          346   4.500000E+00   2.000000E+00   0.000000E+00
          347   5.000000E+00   2.000000E+00   0.000000E+00
          348   5.500000E+00   2.000000E+00   0.000000E+00
          349   6.000000E+00   2.000000E+00   0.000000E+00
          350   6.500000E+00   2.000000E+00   0.000000E+00
          351   7.000000E+00   2.000000E+00   0.000000E+00
          352   7.500000E+00   2.000000E+00   0.000000E+00
          353   8.000000E+00   2.000000E+00   0.000000E+00
          354   8.500000E+00   2.000000E+00   0.000000E+00
          355   9.000000E+00   2.000000E+00   0.000000E+00
          356   9.500000E+00   2.000000E+00   0.000000E+00
          357   1.000000E+01   2.000000E+00   0.000000E+00
          358   0.000000E+00   1.500000E+00   0.000000E+00
          359   5.000000E-01   1.500000E+00   0.000000E+00
          360   1.000000E+00   1.500000E+00   0.000000E+00
          361   1.500000E+00   1.500000E+00   0.000000E+00
          362   2.000000E+00   1.500000E+00   0.000000E+00
          363   2.500000E+00   1.500000E+00   0.000000E+00
          364   3.000000E+00   1.500000E+00   0.000000E+00
          365   3.500000E+00   1.500000E+00   0.000000E+00
          366   4.000000E+00   1.500000E+00   0.000000E+00
          367   4.500000E+00   1.500000E+00   0.000000E+00
          368   5.000000E+00   1.500000E+00   0.000000E+00
          369   5.500000E+00   1.500000E+00   0.000000E+00
          370   6.000000E+00   1.500000E+00   0.000000E+00
          371   6.500000E+00   1.500000E+00   0.000000E+00
          372   7.000000E+00   1.500000E+00   0.000000E+00
          373   7.500000E+00   1.500000E+00   0.000000E+00
          374   8.000000E+00   1.500000E+00   0.000000E+00
          375   8.500000E+00   1.500000E+00   0.000000E+00
          376   9.000000E+00   1.500000E+00   0.000000E+00
          377   9.500000E+00   1.500000E+00   0.000000E+00
          378   1.000000E+01   1.500000E+00   0.000000E+00
          379   0.000000E+00   1.000000E+00   0.000000E+00
          380   5.000000E-01   1.000000E+00   0.000000E+00
          381   1.000000E+00   1.000000E+00   0.000000E+00
          382   1.500000E+00   1.000000E+00   0.000000E+00
          383   2.000000E+00   1.000000E+00   0.000000E+00
          384   2.500000E+00   1.000000E+00   0.000000E+00
          385   3.000000E+00   1.000000E+00   0.000000E+00
          386   3.500000E+00   1.000000E+00   0.000000E+00
          387   4.000000E+00   1.000000E+00   0.000000E+00
          388   4.500000E+00   1.000000E+00   0.000000E+00
          389   5.000000E+00   1.000000E+00   0.000000E+00
          390   5.500000E+00   1.000000E+00   0.000000E+00
          391   6.000000E+00   1.000000E+00   0.000000E+00
          392   6.500000E+00   1.000000E+00   0.000000E+00
          393   7.000000E+00   1.000000E+00   0.000000E+00
          394   7.500000E+00   1.000000E+00   0.000000E+00
          395   8.000000E+00   1.000000E+00   0.000000E+00
          396   8.500000E+00   1.000000E+00   0.000000E+00
          397   9.000000E+00   1.000000E+00   0.000000E+00
          398   9.500000E+00   1.000000E+00   0.000000E+00
          399   1.000000E+01   1.000000E+00   0.000000E+00
          400   0.000000E+00   5.000000E-01   0.000000E+00
          401   5.000000E-01   5.000000E-01   0.000000E+00
          402   1.000000E+00   5.000000E-01   0.000000E+00
          403   1.500000E+00   5.000000E-01   0.000000E+00
          404   2.000000E+00   5.000000E-01   0.000000E+00
          405   2.500000E+00   5.000000E-01   0.000000E+00
          406   3.000000E+00   5.000000E-01   0.000000E+00
          407   3.500000E+00   5.000000E-01   0.000000E+00
          408   4.000000E+00   5.000000E-01   0.000000E+00
          409   4.500000E+00   5.000000E-01   0.000000E+00
          410   5.000000E+00   5.000000E-01   0.000000E+00
          411   5.500000E+00   5.000000E-01   0.000000E+00
          412   6.000000E+00   5.000000E-01   0.000000E+00
          413   6.500000E+00   5.000000E-01   0.000000E+00
          414   7.000000E+00   5.000000E-01   0.000000E+00
          415   7.500000E+00   5.000000E-01   0.000000E+00
          416   8.000000E+00   5.000000E-01   0.000000E+00
          417   8.500000E+00   5.000000E-01   0.000000E+00
          418   9.000000E+00   5.000000E-01   0.000000E+00
          419   9.500000E+00   5.000000E-01   0.000000E+00
          420   1.000000E+01   5.000000E-01   0.000000E+00
          421   0.000000E+00   0.000000E+00   0.000000E+00
          422   5.000000E-01   0.000000E+00   0.000000E+00
          423   1.000000E+00   0.000000E+00   0.000000E+00
          424   1.500000E+00   0.000000E+00   0.000000E+00
          425   2.000000E+00   0.000000E+00   0.000000E+00
          426   2.500000E+00   0.000000E+00   0.000000E+00
          427   3.000000E+00   0.000000E+00   0.000000E+00
          428   3.500000E+00   0.000000E+00   0.000000E+00
          429   4.000000E+00   0.000000E+00   0.000000E+00
          430   4.500000E+00   0.000000E+00   0.000000E+00
          431   5.000000E+00   0.000000E+00   0.000000E+00
          432   5.500000E+00   0.000000E+00   0.000000E+00
          433   6.000000E+00   0.000000E+00   0.000000E+00
          434   6.500000E+00   0.000000E+00   0.000000E+00
          435   7.000000E+00   0.000000E+00   0.000000E+00
          436   7.500000E+00   0.000000E+00   0.000000E+00
          437   8.000000E+00   0.000000E+00   0.000000E+00
          438   8.500000E+00   0.000000E+00   0.000000E+00
          439   9.000000E+00   0.000000E+00   0.000000E+00
          440   9.500000E+00   0.000000E+00   0.000000E+00
          441   1.000000E+01   0.000000E+00   0.000000E+00
    353  1.80543531E+03     NSTEP   TIME
 SURFACE NODE              X              Y      REC. FLUX
            1   0.000000E+00   1.000000E+01   7.401835E-06
            2   5.000000E-01   1.000000E+01   7.325663E-06
            3   1.000000E+00   1.000000E+01   6.853715E-06
            4   1.500000E+00   1.000000E+01   7.674289E-06
            5   2.000000E+00   1.000000E+01   7.790622E-06
            6   2.500000E+00   1.000000E+01   7.681970E-06
            7   3.000000E+00   1.000000E+01   7.479161E-06
            8   3.500000E+00   1.000000E+01   7.225516E-06
            9   4.000000E+00   1.000000E+01   6.900631E-06
           10   4.500000E+00   1.000000E+01   6.550513E-06
           11   5.000000E+00   1.000000E+01   6.249063E-06
           12   5.500000E+00   1.000000E+01   5.962335E-06
           13   6.000000E+00   1.000000E+01   5.642254E-06
           14   6.500000E+00   1.000000E+01   5.259384E-06
           15   7.000000E+00   1.000000E+01   4.907936E-06
           16   7.500000E+00   1.000000E+01   4.639958E-06
           17   8.000000E+00   1.000000E+01   4.354641E-06
           18   8.500000E+00   1.000000E+01   4.198798E-06
           19   9.000000E+00   1.000000E+01   4.049645E-06
           20   9.500000E+00   1.000000E+01   3.805765E-06
           21   1.000000E+01   1.000000E+01   3.863285E-06
           22   0.000000E+00   9.500000E+00   6.839183E-06
           23   5.000000E-01   9.500000E+00   6.965766E-06
           24   1.000000E+00   9.500000E+00   7.391113E-06
           25   1.500000E+00   9.500000E+00   7.490031E-06
           26   2.000000E+00   9.500000E+00   7.426179E-06
           27   2.500000E+00   9.500000E+00   7.260850E-06
           28   3.000000E+00   9.500000E+00   7.029565E-06
           29   3.500000E+00   9.500000E+00   6.776062E-06
           30   4.000000E+00   9.500000E+00   6.487305E-06
           31   4.500000E+00   9.500000E+00   6.309546E-06
           32   5.000000E+00   9.500000E+00   6.103615E-06
           33   5.500000E+00   9.500000E+00   5.833876E-06
           34   6.000000E+00   9.500000E+00   5.516530E-06
           35   6.500000E+00   9.500000E+00   5.151196E-06
           36   7.000000E+00   9.500000E+00   4.728789E-06
           37   7.500000E+00   9.500000E+00   4.281576E-06
           38   8.000000E+00   9.500000E+00   4.194506E-06
           39   8.500000E+00   9.500000E+00   4.126083E-06
           40   9.000000E+00   9.500000E+00   3.972684E-06
           41   9.500000E+00   9.500000E+00   3.697632E-06
           42   1.000000E+01   9.500000E+00   3.719601E-06
           43   0.000000E+00   9.000000E+00   7.975338E-06
           44   5.000000E-01   9.000000E+00   7.493894E-06
           45   1.000000E+00   9.000000E+00   7.505742E-06
           46   1.500000E+00   9.000000E+00   7.331659E-06
           47   2.000000E+00   9.000000E+00   7.047206E-06
           48   2.500000E+00   9.000000E+00   6.777876E-06
           49   3.000000E+00   9.000000E+00   6.449942E-06
           50   3.500000E+00   9.000000E+00   6.045850E-06
           51   4.000000E+00   9.000000E+00   5.613948E-06
           52   4.500000E+00   9.000000E+00   5.229808E-06
           53   5.000000E+00   9.000000E+00   5.134308E-06
           54   5.500000E+00   9.000000E+00   5.014891E-06
           55   6.000000E+00   9.000000E+00   4.778521E-06
           56   6.500000E+00   9.000000E+00   4.615054E-06
           57   7.000000E+00   9.000000E+00   4.413203E-06
           58   7.500000E+00   9.000000E+00   4.152759E-06
           59   8.000000E+00   9.000000E+00   3.832376E-06
           60   8.500000E+00   9.000000E+00   3.459888E-06
           61   9.000000E+00   9.000000E+00   3.423960E-06
           62   9.500000E+00   9.000000E+00   3.329709E-06
           63   1.000000E+01   9.000000E+00   3.396047E-06
           64   0.000000E+00   8.500000E+00   7.156918E-06
           65   5.000000E-01   8.500000E+00   7.142762E-06
           66   1.000000E+00   8.500000E+00   6.954781E-06
           67   1.500000E+00   8.500000E+00   6.563641E-06
           68   2.000000E+00   8.500000E+00   6.029632E-06
           69   2.500000E+00   8.500000E+00   5.503964E-06
           70   3.000000E+00   8.500000E+00   5.470123E-06
           71   3.500000E+00   8.500000E+00   5.287903E-06
           72   4.000000E+00   8.500000E+00   5.004680E-06
           73   4.500000E+00   8.500000E+00   4.783985E-06
           74   5.000000E+00   8.500000E+00   4.623581E-06
           75   5.500000E+00   8.500000E+00   4.415306E-06
           76   6.000000E+00   8.500000E+00   4.143690E-06
           77   6.500000E+00   8.500000E+00   3.848441E-06
           78   7.000000E+00   8.500000E+00   3.858730E-06
           79   7.500000E+00   8.500000E+00   3.686175E-06
           80   8.000000E+00   8.500000E+00   3.429524E-06
           81   8.500000E+00   8.500000E+00   3.174072E-06
           82   9.000000E+00   8.500000E+00   2.916296E-06
           83   9.500000E+00   8.500000E+00   2.543526E-06
           84   1.000000E+01   8.500000E+00   2.628123E-06
           85   0.000000E+00   8.000000E+00   5.993939E-06
           86   5.000000E-01   8.000000E+00   6.284248E-06
           87   1.000000E+00   8.000000E+00   5.867460E-06
           88   1.500000E+00   8.000000E+00   5.590733E-06
           89   2.000000E+00   8.000000E+00   5.365584E-06
           90   2.500000E+00   8.000000E+00   5.057179E-06
           91   3.000000E+00   8.000000E+00   4.872488E-06
           92   3.500000E+00   8.000000E+00   4.672089E-06
           93   4.000000E+00   8.000000E+00   4.385731E-06
           94   4.500000E+00   8.000000E+00   4.088470E-06
           95   5.000000E+00   8.000000E+00   4.105571E-06
           96   5.500000E+00   8.000000E+00   3.918216E-06
           97   6.000000E+00   8.000000E+00   3.709550E-06
           98   6.500000E+00   8.000000E+00   3.456278E-06
           99   7.000000E+00   8.000000E+00   3.302579E-06
          100   7.500000E+00   8.000000E+00   3.102427E-06
          101   8.000000E+00   8.000000E+00   2.836971E-06
          102   8.500000E+00   8.000000E+00   2.451900E-06
          103   9.000000E+00   8.000000E+00   2.335468E-06
          104   9.500000E+00   8.000000E+00   2.172736E-06
          105   1.000000E+01   8.000000E+00   2.234409E-06
          106   0.000000E+00   7.500000E+00   4.989559E-06
          107   5.000000E-01   7.500000E+00   5.148266E-06
          108   1.000000E+00   7.500000E+00   5.184656E-06
          109   1.500000E+00   7.500000E+00   5.045527E-06
          110   2.000000E+00   7.500000E+00   4.793563E-06
          111   2.500000E+00   7.500000E+00   4.489772E-06
          112   3.000000E+00   7.500000E+00   4.140271E-06
          113   3.500000E+00   7.500000E+00   4.156789E-06
          114   4.000000E+00   7.500000E+00   3.989662E-06
          115   4.500000E+00   7.500000E+00   3.754681E-06
          116   5.000000E+00   7.500000E+00   3.563991E-06
          117   5.500000E+00   7.500000E+00   3.400011E-06
          118   6.000000E+00   7.500000E+00   3.212054E-06
          119   6.500000E+00   7.500000E+00   2.974144E-06
          120   7.000000E+00   7.500000E+00   2.690193E-06
          121   7.500000E+00   7.500000E+00   2.437514E-06
          122   8.000000E+00   7.500000E+00   2.248223E-06
          123   8.500000E+00   7.500000E+00   2.056641E-06
          124   9.000000E+00   7.500000E+00   1.819722E-06
          125   9.500000E+00   7.500000E+00   1.582339E-06
          126   1.000000E+01   7.500000E+00   1.640599E-06
          127   0.000000E+00   7.000000E+00   5.043484E-06
          128   5.000000E-01   7.000000E+00   4.871387E-06
          129   1.000000E+00   7.000000E+00   4.704288E-06
          130   1.500000E+00   7.000000E+00   4.434024E-06
          131   2.000000E+00   7.000000E+00   4.277652E-06
          132   2.500000E+00   7.000000E+00   4.093193E-06
          133   3.000000E+00   7.000000E+00   3.859272E-06
          134   3.500000E+00   7.000000E+00   3.663371E-06
          135   4.000000E+00   7.000000E+00   3.472420E-06
          136   4.500000E+00   7.000000E+00   3.279508E-06
          137   5.000000E+00   7.000000E+00   3.052484E-06
          138   5.500000E+00   7.000000E+00   2.788422E-06
          139   6.000000E+00   7.000000E+00   2.534255E-06
          140   6.500000E+00   7.000000E+00   2.390328E-06
          141   7.000000E+00   7.000000E+00   2.193509E-06
          142   7.500000E+00   7.000000E+00   2.034046E-06
          143   8.000000E+00   7.000000E+00   1.827365E-06
          144   8.500000E+00   7.000000E+00   1.550489E-06
          145   9.000000E+00   7.000000E+00   1.315561E-06
          146   9.500000E+00   7.000000E+00   1.171783E-06
          147   1.000000E+01   7.000000E+00   1.228820E-06
          148   0.000000E+00   6.500000E+00   4.244283E-06
          149   5.000000E-01   6.500000E+00   4.403086E-06
          150   1.000000E+00   6.500000E+00   4.088022E-06
          151   1.500000E+00   6.500000E+00   3.952517E-06
          152   2.000000E+00   6.500000E+00   3.822093E-06
          153   2.500000E+00   6.500000E+00   3.595496E-06
          154   3.000000E+00   6.500000E+00   3.398358E-06
          155   3.500000E+00   6.500000E+00   3.155917E-06
          156   4.000000E+00   6.500000E+00   2.877618E-06
          157   4.500000E+00   6.500000E+00   2.574355E-06
          158   5.000000E+00   6.500000E+00   2.472210E-06
          159   5.500000E+00   6.500000E+00   2.306411E-06
          160   6.000000E+00   6.500000E+00   2.145861E-06
          161   6.500000E+00   6.500000E+00   1.985895E-06
          162   7.000000E+00   6.500000E+00   1.806253E-06
          163   7.500000E+00   6.500000E+00   1.578432E-06
          164   8.000000E+00   6.500000E+00   1.307313E-06
          165   8.500000E+00   6.500000E+00   1.185371E-06
          166   9.000000E+00   6.500000E+00   1.008837E-06
          167   9.500000E+00   6.500000E+00   7.579309E-07
          168   1.000000E+01   6.500000E+00   7.922193E-07
          169   0.000000E+00   6.000000E+00   3.552823E-06
          170   5.000000E-01   6.000000E+00   3.705506E-06
          171   1.000000E+00   6.000000E+00   3.692323E-06
          172   1.500000E+00   6.000000E+00   3.543811E-06
          173   2.000000E+00   6.000000E+00   3.348891E-06
          174   2.500000E+00   6.000000E+00   3.080387E-06
          175   3.000000E+00   6.000000E+00   2.769636E-06
          176   3.500000E+00   6.000000E+00   2.546078E-06
          177   4.000000E+00   6.000000E+00   2.397101E-06
          178   4.500000E+00   6.000000E+00   2.237039E-06
          179   5.000000E+00   6.000000E+00   2.074409E-06
          180   5.500000E+00   6.000000E+00   1.927782E-06
          181   6.000000E+00   6.000000E+00   1.752825E-06
          182   6.500000E+00   6.000000E+00   1.537162E-06
          183   7.000000E+00   6.000000E+00   1.281486E-06
          184   7.500000E+00   6.000000E+00   1.174646E-06
          185   8.000000E+00   6.000000E+00   1.075064E-06
          186   8.500000E+00   6.000000E+00   1.049313E-06
          187   9.000000E+00   6.000000E+00   9.271706E-07
          188   9.500000E+00   6.000000E+00   5.629559E-07
          189   1.000000E+01   6.000000E+00   5.250517E-07
          190   0.000000E+00   5.500000E+00   3.533785E-06
          191   5.000000E-01   5.500000E+00   3.388746E-06
          192   1.000000E+00   5.500000E+00   3.285640E-06
          193   1.500000E+00   5.500000E+00   3.068306E-06
          194   2.000000E+00   5.500000E+00   2.771354E-06
          195   2.500000E+00   5.500000E+00   2.488260E-06
          196   3.000000E+00   5.500000E+00   2.324031E-06
          197   3.500000E+00   5.500000E+00   2.170738E-06
          198   4.000000E+00   5.500000E+00   2.023433E-06
          199   4.500000E+00   5.500000E+00   1.862346E-06
          200   5.000000E+00   5.500000E+00   1.674466E-06
          201   5.500000E+00   5.500000E+00   1.450443E-06
          202   6.000000E+00   5.500000E+00   1.252792E-06
          203   6.500000E+00   5.500000E+00   1.142945E-06
          204   7.000000E+00   5.500000E+00   1.041931E-06
          205   7.500000E+00   5.500000E+00   9.422385E-07
          206   8.000000E+00   5.500000E+00   7.572503E-07
          207   8.500000E+00   5.500000E+00   1.014443E-06
          208   9.000000E+00   5.500000E+00   1.236355E-06
          209   9.500000E+00   5.500000E+00   0.000000E+00
          210   1.000000E+01   5.500000E+00   0.000000E+00
          211   0.000000E+00   5.000000E+00   2.938057E-06
          212   5.000000E-01   5.000000E+00   3.032743E-06
          213   1.000000E+00   5.000000E+00   2.821810E-06
          214   1.500000E+00   5.000000E+00   2.474146E-06
          215   2.000000E+00   5.000000E+00   2.252302E-06
          216   2.500000E+00   5.000000E+00   2.120789E-06
          217   3.000000E+00   5.000000E+00   1.965674E-06
          218   3.500000E+00   5.000000E+00   1.790661E-06
          219   4.000000E+00   5.000000E+00   1.591705E-06
          220   4.500000E+00   5.000000E+00   1.318528E-06
          221   5.000000E+00   5.000000E+00   1.222028E-06
          222   5.500000E+00   5.000000E+00   1.110395E-06
          223   6.000000E+00   5.000000E+00   1.009342E-06
          224   6.500000E+00   5.000000E+00   9.038936E-07
          225   7.000000E+00   5.000000E+00   7.758516E-07
          226   7.500000E+00   5.000000E+00   6.580501E-07
          227   8.000000E+00   5.000000E+00   7.461542E-07
          228   8.500000E+00   5.000000E+00   6.311477E-07
          229   9.000000E+00   5.000000E+00   0.000000E+00
          230   9.500000E+00   5.000000E+00   0.000000E+00
          231   1.000000E+01   5.000000E+00   0.000000E+00
          232   0.000000E+00   4.500000E+00   2.386092E-06
          233   5.000000E-01   4.500000E+00   2.538197E-06
          234   1.000000E+00   4.500000E+00   2.216855E-06
          235   1.500000E+00   4.500000E+00   2.061934E-06
          236   2.000000E+00   4.500000E+00   1.920221E-06
          237   2.500000E+00   4.500000E+00   1.743602E-06
          238   3.000000E+00   4.500000E+00   1.533740E-06
          239   3.500000E+00   4.500000E+00   1.268847E-06
          240   4.000000E+00   4.500000E+00   1.164194E-06
          241   4.500000E+00   4.500000E+00   1.078528E-06
          242   5.000000E+00   4.500000E+00   9.771233E-07
          243   5.500000E+00   4.500000E+00   8.720733E-07
          244   6.000000E+00   4.500000E+00   7.361010E-07
          245   6.500000E+00   4.500000E+00   5.818175E-07
          246   7.000000E+00   4.500000E+00   7.243250E-07
          247   7.500000E+00   4.500000E+00   7.654123E-07
          248   8.000000E+00   4.500000E+00   6.307235E-07
          249   8.500000E+00   4.500000E+00   0.000000E+00
          250   9.000000E+00   4.500000E+00   0.000000E+00
          251   9.500000E+00   4.500000E+00   0.000000E+00
          252   1.000000E+01   4.500000E+00   0.000000E+00
          253   0.000000E+00   4.000000E+00   1.805844E-06
          254   5.000000E-01   4.000000E+00   1.911188E-06
          255   1.000000E+00   4.000000E+00   1.863502E-06
          256   1.500000E+00   4.000000E+00   1.707725E-06
          257   2.000000E+00   4.000000E+00   1.520514E-06
          258   2.500000E+00   4.000000E+00   1.228645E-06
          259   3.000000E+00   4.000000E+00   1.110663E-06
          260   3.500000E+00   4.000000E+00   1.019702E-06
          261   4.000000E+00   4.000000E+00   9.242807E-07
          262   4.500000E+00   4.000000E+00   8.304856E-07
          263   5.000000E+00   4.000000E+00   6.283408E-07
          264   5.500000E+00   4.000000E+00   5.678942E-07
          265   6.000000E+00   4.000000E+00   6.961431E-07
          266   6.500000E+00   4.000000E+00   7.220088E-07
          267   7.000000E+00   4.000000E+00   6.231761E-07
          268   7.500000E+00   4.000000E+00   0.000000E+00
          269   8.000000E+00   4.000000E+00   0.000000E+00
          270   8.500000E+00   4.000000E+00   0.000000E+00
          271   9.000000E+00   4.000000E+00   0.000000E+00
          272   9.500000E+00   4.000000E+00   0.000000E+00
          273   1.000000E+01   4.000000E+00   0.000000E+00
          274   0.000000E+00   3.500000E+00   1.531569E-06
          275   5.000000E-01   3.500000E+00   1.603250E-06
          276   1.000000E+00   3.500000E+00   1.496427E-06
          277   1.500000E+00   3.500000E+00   1.273910E-06
          278   2.000000E+00   3.500000E+00   1.052383E-06
          279   2.500000E+00   3.500000E+00   9.625337E-07
          280   3.000000E+00   3.500000E+00   8.628438E-07
          281   3.500000E+00   3.500000E+00   7.491459E-07
          282   4.000000E+00   3.500000E+00   5.872909E-07
          283   4.500000E+00   3.500000E+00   6.099763E-07
          284   5.000000E+00   3.500000E+00   7.203506E-07
          285   5.500000E+00   3.500000E+00   6.392952E-07
          286   6.000000E+00   3.500000E+00   5.816875E-07
          287   6.500000E+00   3.500000E+00   0.000000E+00
          288   7.000000E+00   3.500000E+00   0.000000E+00
          289   7.500000E+00   3.500000E+00   0.000000E+00
          290   8.000000E+00   3.500000E+00   0.000000E+00
          291   8.500000E+00   3.500000E+00   0.000000E+00
          292   9.000000E+00   3.500000E+00   0.000000E+00
          293   9.500000E+00   3.500000E+00   0.000000E+00
          294   1.000000E+01   3.500000E+00   0.000000E+00
          295   0.000000E+00   3.000000E+00   1.162237E-06
          296   5.000000E-01   3.000000E+00   1.258686E-06
          297   1.000000E+00   3.000000E+00   1.001092E-06
          298   1.500000E+00   3.000000E+00   9.093808E-07
          299   2.000000E+00   3.000000E+00   8.107247E-07
          300   2.500000E+00   3.000000E+00   6.702600E-07
          301   3.000000E+00   3.000000E+00   6.831737E-07
          302   3.500000E+00   3.000000E+00   7.797022E-07
          303   4.000000E+00   3.000000E+00   6.383006E-07
          304   4.500000E+00   3.000000E+00   5.052473E-07
          305   5.000000E+00   3.000000E+00   7.703966E-07
          306   5.500000E+00   3.000000E+00   0.000000E+00
          307   6.000000E+00   3.000000E+00   0.000000E+00
          308   6.500000E+00   3.000000E+00   0.000000E+00
          309   7.000000E+00   3.000000E+00   0.000000E+00
          310   7.500000E+00   3.000000E+00   0.000000E+00
          311   8.000000E+00   3.000000E+00   0.000000E+00
          312   8.500000E+00   3.000000E+00   0.000000E+00
          313   9.000000E+00   3.000000E+00   0.000000E+00
          314   9.500000E+00   3.000000E+00   0.000000E+00
          315   1.000000E+01   3.000000E+00   0.000000E+00
          316   0.000000E+00   2.500000E+00   7.229520E-07
          317   5.000000E-01   2.500000E+00   7.900203E-07
          318   1.000000E+00   2.500000E+00   7.439389E-07
          319   1.500000E+00   2.500000E+00   7.287866E-07
          320   2.000000E+00   2.500000E+00   7.919063E-07
          321   2.500000E+00   2.500000E+00   6.535682E-07
          322   3.000000E+00   2.500000E+00   5.341663E-07
          323   3.500000E+00   2.500000E+00   1.163092E-06
          324   4.000000E+00   2.500000E+00   0.000000E+00
          325   4.500000E+00   2.500000E+00   0.000000E+00
          326   5.000000E+00   2.500000E+00   0.000000E+00
          327   5.500000E+00   2.500000E+00   0.000000E+00
          328   6.000000E+00   2.500000E+00   0.000000E+00
          329   6.500000E+00   2.500000E+00   0.000000E+00
          330   7.000000E+00   2.500000E+00   0.000000E+00
          331   7.500000E+00   2.500000E+00   0.000000E+00
          332   8.000000E+00   2.500000E+00   0.000000E+00
          333   8.500000E+00   2.500000E+00   0.000000E+00
          334   9.000000E+00   2.500000E+00   0.000000E+00
          335   9.500000E+00   2.500000E+00   0.000000E+00
          336   1.000000E+01   2.500000E+00   0.000000E+00
          337   0.000000E+00   2.000000E+00   4.779579E-07
          338   5.000000E-01   2.000000E+00   8.335089E-07
          339   1.000000E+00   2.000000E+00   8.297520E-07
          340   1.500000E+00   2.000000E+00   5.393110E-07
          341   2.000000E+00   2.000000E+00   9.307344E-07
          342   2.500000E+00   2.000000E+00   0.000000E+00
          343   3.000000E+00   2.000000E+00   0.000000E+00
          344   3.500000E+00   2.000000E+00   0.000000E+00
          345   4.000000E+00   2.000000E+00   0.000000E+00
          346   4.500000E+00   2.000000E+00   0.000000E+00
          347   5.000000E+00   2.000000E+00   0.000000E+00
          348   5.500000E+00   2.000000E+00   0.000000E+00
          349   6.000000E+00   2.000000E+00   0.000000E+00
          350   6.500000E+00   2.000000E+00   0.000000E+00
          351   7.000000E+00   2.000000E+00   0.000000E+00
          352   7.500000E+00   2.000000E+00   0.000000E+00
          353   8.000000E+00   2.000000E+00   0.000000E+00
          354   8.500000E+00   2.000000E+00   0.000000E+00
          355   9.000000E+00   2.000000E+00   0.000000E+00
          356   9.500000E+00   2.000000E+00   0.000000E+00
          357   1.000000E+01   2.000000E+00   0.000000E+00
          358   0.000000E+00   1.500000E+00   5.972348E-07
          359   5.000000E-01   1.500000E+00   5.961008E-07
          360   1.000000E+00   1.500000E+00   0.000000E+00
          361   1.500000E+00   1.500000E+00   0.000000E+00
          362   2.000000E+00   1.500000E+00   0.000000E+00
          363   2.500000E+00   1.500000E+00   0.000000E+00
          364   3.000000E+00   1.500000E+00   0.000000E+00
          365   3.500000E+00   1.500000E+00   0.000000E+00
          366   4.000000E+00   1.500000E+00   0.000000E+00
          367   4.500000E+00   1.500000E+00   0.000000E+00
          368   5.000000E+00   1.500000E+00   0.000000E+00
          369   5.500000E+00   1.500000E+00   0.000000E+00
          370   6.000000E+00   1.500000E+00   0.000000E+00
          371   6.500000E+00   1.500000E+00   0.000000E+00
          372   7.000000E+00   1.500000E+00   0.000000E+00
          373   7.500000E+00   1.500000E+00   0.000000E+00
          374   8.000000E+00   1.500000E+00   0.000000E+00
          375   8.500000E+00   1.500000E+00   0.000000E+00
          376   9.000000E+00   1.500000E+00   0.000000E+00
          377   9.500000E+00   1.500000E+00   0.000000E+00
          378   1.000000E+01   1.500000E+00   0.000000E+00
          379   0.000000E+00   1.000000E+00   0.000000E+00
          380   5.000000E-01   1.000000E+00   0.000000E+00
          381   1.000000E+00   1.000000E+00   0.000000E+00
          382   1.500000E+00   1.000000E+00   0.000000E+00
          383   2.000000E+00   1.000000E+00   0.000000E+00
          384   2.500000E+00   1.000000E+00   0.000000E+00
          385   3.000000E+00   1.000000E+00   0.000000E+00
          386   3.500000E+00   1.000000E+00   0.000000E+00
          387   4.000000E+00   1.000000E+00   0.000000E+00
          388   4.500000E+00   1.000000E+00   0.000000E+00
          389   5.000000E+00   1.000000E+00   0.000000E+00
          390   5.500000E+00   1.000000E+00   0.000000E+00
          391   6.000000E+00   1.000000E+00   0.000000E+00
          392   6.500000E+00   1.000000E+00   0.000000E+00
          393   7.000000E+00   1.000000E+00   0.000000E+00
          394   7.500000E+00   1.000000E+00   0.000000E+00
          395   8.000000E+00   1.000000E+00   0.000000E+00
          396   8.500000E+00   1.000000E+00   0.000000E+00
          397   9.000000E+00   1.000000E+00   0.000000E+00
          398   9.500000E+00   1.000000E+00   0.000000E+00
          399   1.000000E+01   1.000000E+00   0.000000E+00
          400   0.000000E+00   5.000000E-01   0.000000E+00
          401   5.000000E-01   5.000000E-01   0.000000E+00
          402   1.000000E+00   5.000000E-01   0.000000E+00
          403   1.500000E+00   5.000000E-01   0.000000E+00
          404   2.000000E+00   5.000000E-01   0.000000E+00
          405   2.500000E+00   5.000000E-01   0.000000E+00
          406   3.000000E+00   5.000000E-01   0.000000E+00
          407   3.500000E+00   5.000000E-01   0.000000E+00
          408   4.000000E+00   5.000000E-01   0.000000E+00
          409   4.500000E+00   5.000000E-01   0.000000E+00
          410   5.000000E+00   5.000000E-01   0.000000E+00
          411   5.500000E+00   5.000000E-01   0.000000E+00
          412   6.000000E+00   5.000000E-01   0.000000E+00
          413   6.500000E+00   5.000000E-01   0.000000E+00
          414   7.000000E+00   5.000000E-01   0.000000E+00
          415   7.500000E+00   5.000000E-01   0.000000E+00
          416   8.000000E+00   5.000000E-01   0.000000E+00
          417   8.500000E+00   5.000000E-01   0.000000E+00
          418   9.000000E+00   5.000000E-01   0.000000E+00
          419   9.500000E+00   5.000000E-01   0.000000E+00
          420   1.000000E+01   5.000000E-01   0.000000E+00
          421   0.000000E+00   0.000000E+00   0.000000E+00
          422   5.000000E-01   0.000000E+00   0.000000E+00
          423   1.000000E+00   0.000000E+00   0.000000E+00
          424   1.500000E+00   0.000000E+00   0.000000E+00
          425   2.000000E+00   0.000000E+00   0.000000E+00
          426   2.500000E+00   0.000000E+00   0.000000E+00
          427   3.000000E+00   0.000000E+00   0.000000E+00
          428   3.500000E+00   0.000000E+00   0.000000E+00
          429   4.000000E+00   0.000000E+00   0.000000E+00
          430   4.500000E+00   0.000000E+00   0.000000E+00
          431   5.000000E+00   0.000000E+00   0.000000E+00
          432   5.500000E+00   0.000000E+00   0.000000E+00
          433   6.000000E+00   0.000000E+00   0.000000E+00
          434   6.500000E+00   0.000000E+00   0.000000E+00
          435   7.000000E+00   0.000000E+00   0.000000E+00
          436   7.500000E+00   0.000000E+00   0.000000E+00
          437   8.000000E+00   0.000000E+00   0.000000E+00
          438   8.500000E+00   0.000000E+00   0.000000E+00
          439   9.000000E+00   0.000000E+00   0.000000E+00
          440   9.500000E+00   0.000000E+00   0.000000E+00
          441   1.000000E+01   0.000000E+00   0.000000E+00
    533  3.60000000E+03     NSTEP   TIME
 SURFACE NODE              X              Y      REC. FLUX
            1   0.000000E+00   1.000000E+01   5.202553E-06
            2   5.000000E-01   1.000000E+01   5.183583E-06
            3   1.000000E+00   1.000000E+01   4.771758E-06
            4   1.500000E+00   1.000000E+01   5.262054E-06
            5   2.000000E+00   1.000000E+01   5.489899E-06
            6   2.500000E+00   1.000000E+01   5.524559E-06
            7   3.000000E+00   1.000000E+01   5.380342E-06
            8   3.500000E+00   1.000000E+01   5.147107E-06
            9   4.000000E+00   1.000000E+01   4.876971E-06
           10   4.500000E+00   1.000000E+01   4.543892E-06
           11   5.000000E+00   1.000000E+01   4.116142E-06
           12   5.500000E+00   1.000000E+01   3.817039E-06
           13   6.000000E+00   1.000000E+01   3.499066E-06
           14   6.500000E+00   1.000000E+01   3.174533E-06
           15   7.000000E+00   1.000000E+01   3.428580E-06
           16   7.500000E+00   1.000000E+01   3.515227E-06
           17   8.000000E+00   1.000000E+01   3.493888E-06
           18   8.500000E+00   1.000000E+01   3.404237E-06
           19   9.000000E+00   1.000000E+01   3.327950E-06
           20   9.500000E+00   1.000000E+01   3.188999E-06
           21   1.000000E+01   1.000000E+01   3.290129E-06
           22   0.000000E+00   9.500000E+00   4.848927E-06
           23   5.000000E-01   9.500000E+00   4.902058E-06
           24   1.000000E+00   9.500000E+00   4.963701E-06
           25   1.500000E+00   9.500000E+00   5.042413E-06
           26   2.000000E+00   9.500000E+00   5.102926E-06
           27   2.500000E+00   9.500000E+00   5.090570E-06
           28   3.000000E+00   9.500000E+00   4.933714E-06
           29   3.500000E+00   9.500000E+00   4.802693E-06
           30   4.000000E+00   9.500000E+00   4.631978E-06
           31   4.500000E+00   9.500000E+00   4.359307E-06
           32   5.000000E+00   9.500000E+00   3.982456E-06
           33   5.500000E+00   9.500000E+00   3.579502E-06
           34   6.000000E+00   9.500000E+00   3.546895E-06
           35   6.500000E+00   9.500000E+00   3.446044E-06
           36   7.000000E+00   9.500000E+00   3.420605E-06
           37   7.500000E+00   9.500000E+00   3.427463E-06
           38   8.000000E+00   9.500000E+00   3.389055E-06
           39   8.500000E+00   9.500000E+00   3.354754E-06
           40   9.000000E+00   9.500000E+00   3.287444E-06
           41   9.500000E+00   9.500000E+00   3.148364E-06
           42   1.000000E+01   9.500000E+00   3.225822E-06
           43   0.000000E+00   9.000000E+00   5.538432E-06
           44   5.000000E-01   9.000000E+00   5.119694E-06
           45   1.000000E+00   9.000000E+00   5.162978E-06
           46   1.500000E+00   9.000000E+00   5.076976E-06
           47   2.000000E+00   9.000000E+00   4.993936E-06
           48   2.500000E+00   9.000000E+00   4.777066E-06
           49   3.000000E+00   9.000000E+00   4.372650E-06
           50   3.500000E+00   9.000000E+00   3.927267E-06
           51   4.000000E+00   9.000000E+00   4.037230E-06
           52   4.500000E+00   9.000000E+00   4.044694E-06
           53   5.000000E+00   9.000000E+00   3.936869E-06
           54   5.500000E+00   9.000000E+00   3.775696E-06
           55   6.000000E+00   9.000000E+00   3.730769E-06
           56   6.500000E+00   9.000000E+00   3.665464E-06
           57   7.000000E+00   9.000000E+00   3.608380E-06
           58   7.500000E+00   9.000000E+00   3.525677E-06
           59   8.000000E+00   9.000000E+00   3.352886E-06
           60   8.500000E+00   9.000000E+00   3.029179E-06
           61   9.000000E+00   9.000000E+00   2.699603E-06
           62   9.500000E+00   9.000000E+00   2.654327E-06
           63   1.000000E+01   9.000000E+00   2.716745E-06
           64   0.000000E+00   8.500000E+00   5.039691E-06
           65   5.000000E-01   8.500000E+00   5.076460E-06
           66   1.000000E+00   8.500000E+00   4.884241E-06
           67   1.500000E+00   8.500000E+00   4.529912E-06
           68   2.000000E+00   8.500000E+00   4.043243E-06
           69   2.500000E+00   8.500000E+00   4.269477E-06
           70   3.000000E+00   8.500000E+00   4.257975E-06
           71   3.500000E+00   8.500000E+00   4.107025E-06
           72   4.000000E+00   8.500000E+00   4.046722E-06
           73   4.500000E+00   8.500000E+00   4.014614E-06
           74   5.000000E+00   8.500000E+00   3.912208E-06
           75   5.500000E+00   8.500000E+00   3.828537E-06
           76   6.000000E+00   8.500000E+00   3.715879E-06
           77   6.500000E+00   8.500000E+00   3.528298E-06
           78   7.000000E+00   8.500000E+00   3.217683E-06
           79   7.500000E+00   8.500000E+00   2.802900E-06
           80   8.000000E+00   8.500000E+00   2.742758E-06
           81   8.500000E+00   8.500000E+00   2.623424E-06
           82   9.000000E+00   8.500000E+00   2.484546E-06
           83   9.500000E+00   8.500000E+00   2.189497E-06
           84   1.000000E+01   8.500000E+00   2.206565E-06
           85   0.000000E+00   8.000000E+00   4.181220E-06
           86   5.000000E-01   8.000000E+00   4.326607E-06
           87   1.000000E+00   8.000000E+00   4.294426E-06
           88   1.500000E+00   8.000000E+00   4.322690E-06
           89   2.000000E+00   8.000000E+00   4.256154E-06
           90   2.500000E+00   8.000000E+00   4.234567E-06
           91   3.000000E+00   8.000000E+00   4.227937E-06
           92   3.500000E+00   8.000000E+00   4.110697E-06
           93   4.000000E+00   8.000000E+00   4.001941E-06
           94   4.500000E+00   8.000000E+00   3.848718E-06
           95   5.000000E+00   8.000000E+00   3.602868E-06
           96   5.500000E+00   8.000000E+00   3.283400E-06
           97   6.000000E+00   8.000000E+00   3.015088E-06
           98   6.500000E+00   8.000000E+00   2.893249E-06
           99   7.000000E+00   8.000000E+00   2.760248E-06
          100   7.500000E+00   8.000000E+00   2.607848E-06
          101   8.000000E+00   8.000000E+00   2.412556E-06
          102   8.500000E+00   8.000000E+00   2.132678E-06
          103   9.000000E+00   8.000000E+00   2.157327E-06
          104   9.500000E+00   8.000000E+00   2.086251E-06
          105   1.000000E+01   8.000000E+00   2.107000E-06
          106   0.000000E+00   7.500000E+00   4.315276E-06
          107   5.000000E-01   7.500000E+00   4.099367E-06
          108   1.000000E+00   7.500000E+00   4.237510E-06
          109   1.500000E+00   7.500000E+00   4.260695E-06
          110   2.000000E+00   7.500000E+00   4.226425E-06
          111   2.500000E+00   7.500000E+00   4.118778E-06
          112   3.000000E+00   7.500000E+00   3.953501E-06
          113   3.500000E+00   7.500000E+00   3.698073E-06
          114   4.000000E+00   7.500000E+00   3.349956E-06
          115   4.500000E+00   7.500000E+00   3.121854E-06
          116   5.000000E+00   7.500000E+00   3.005857E-06
          117   5.500000E+00   7.500000E+00   2.829197E-06
          118   6.000000E+00   7.500000E+00   2.711718E-06
          119   6.500000E+00   7.500000E+00   2.561906E-06
          120   7.000000E+00   7.500000E+00   2.362696E-06
          121   7.500000E+00   7.500000E+00   2.239998E-06
          122   8.000000E+00   7.500000E+00   2.106510E-06
          123   8.500000E+00   7.500000E+00   1.984173E-06
          124   9.000000E+00   7.500000E+00   1.851944E-06
          125   9.500000E+00   7.500000E+00   1.688059E-06
          126   1.000000E+01   7.500000E+00   1.732420E-06
          127   0.000000E+00   7.000000E+00   4.268737E-06
          128   5.000000E-01   7.000000E+00   4.116148E-06
          129   1.000000E+00   7.000000E+00   4.122269E-06
          130   1.500000E+00   7.000000E+00   4.068259E-06
          131   2.000000E+00   7.000000E+00   3.854867E-06
          132   2.500000E+00   7.000000E+00   3.528364E-06
          133   3.000000E+00   7.000000E+00   3.111787E-06
          134   3.500000E+00   7.000000E+00   3.077162E-06
          135   4.000000E+00   7.000000E+00   2.914146E-06
          136   4.500000E+00   7.000000E+00   2.801665E-06
          137   5.000000E+00   7.000000E+00   2.670384E-06
          138   5.500000E+00   7.000000E+00   2.488355E-06
          139   6.000000E+00   7.000000E+00   2.232308E-06
          140   6.500000E+00   7.000000E+00   2.202417E-06
          141   7.000000E+00   7.000000E+00   2.073392E-06
          142   7.500000E+00   7.000000E+00   1.976866E-06
          143   8.000000E+00   7.000000E+00   1.835008E-06
          144   8.500000E+00   7.000000E+00   1.611332E-06
          145   9.000000E+00   7.000000E+00   1.467871E-06
          146   9.500000E+00   7.000000E+00   1.395546E-06
          147   1.000000E+01   7.000000E+00   1.448391E-06
          148   0.000000E+00   6.500000E+00   3.812026E-06
          149   5.000000E-01   6.500000E+00   3.877797E-06
          150   1.000000E+00   6.500000E+00   3.733834E-06
          151   1.500000E+00   6.500000E+00   3.448870E-06
          152   2.000000E+00   6.500000E+00   3.139725E-06
          153   2.500000E+00   6.500000E+00   2.986751E-06
          154   3.000000E+00   6.500000E+00   2.878878E-06
          155   3.500000E+00   6.500000E+00   2.743637E-06
          156   4.000000E+00   6.500000E+00   2.595359E-06
          157   4.500000E+00   6.500000E+00   2.365096E-06
          158   5.000000E+00   6.500000E+00   2.283124E-06
          159   5.500000E+00   6.500000E+00   2.185093E-06
          160   6.000000E+00   6.500000E+00   2.059932E-06
          161   6.500000E+00   6.500000E+00   1.950612E-06
          162   7.000000E+00   6.500000E+00   1.822374E-06
          163   7.500000E+00   6.500000E+00   1.610814E-06
          164   8.000000E+00   6.500000E+00   1.431857E-06
          165   8.500000E+00   6.500000E+00   1.325756E-06
          166   9.000000E+00   6.500000E+00   1.199859E-06
          167   9.500000E+00   6.500000E+00   1.025409E-06
          168   1.000000E+01   6.500000E+00   1.050387E-06
          169   0.000000E+00   6.000000E+00   3.217494E-06
          170   5.000000E-01   6.000000E+00   3.346171E-06
          171   1.000000E+00   6.000000E+00   2.984685E-06
          172   1.500000E+00   6.000000E+00   2.863696E-06
          173   2.000000E+00   6.000000E+00   2.818149E-06
          174   2.500000E+00   6.000000E+00   2.675262E-06
          175   3.000000E+00   6.000000E+00   2.514572E-06
          176   3.500000E+00   6.000000E+00   2.359248E-06
          177   4.000000E+00   6.000000E+00   2.261291E-06
          178   4.500000E+00   6.000000E+00   2.132709E-06
          179   5.000000E+00   6.000000E+00   2.043678E-06
          180   5.500000E+00   6.000000E+00   1.933335E-06
          181   6.000000E+00   6.000000E+00   1.785555E-06
          182   6.500000E+00   6.000000E+00   1.562642E-06
          183   7.000000E+00   6.000000E+00   1.416989E-06
          184   7.500000E+00   6.000000E+00   1.322590E-06
          185   8.000000E+00   6.000000E+00   1.201972E-06
          186   8.500000E+00   6.000000E+00   1.033361E-06
          187   9.000000E+00   6.000000E+00   8.645643E-07
          188   9.500000E+00   6.000000E+00   7.807945E-07
          189   1.000000E+01   6.000000E+00   8.175704E-07
          190   0.000000E+00   5.500000E+00   2.852429E-06
          191   5.000000E-01   5.500000E+00   2.745322E-06
          192   1.000000E+00   5.500000E+00   2.703687E-06
          193   1.500000E+00   5.500000E+00   2.581277E-06
          194   2.000000E+00   5.500000E+00   2.442230E-06
          195   2.500000E+00   5.500000E+00   2.285509E-06
          196   3.000000E+00   5.500000E+00   2.181121E-06
          197   3.500000E+00   5.500000E+00   2.095841E-06
          198   4.000000E+00   5.500000E+00   1.996117E-06
          199   4.500000E+00   5.500000E+00   1.879439E-06
          200   5.000000E+00   5.500000E+00   1.713912E-06
          201   5.500000E+00   5.500000E+00   1.499793E-06
          202   6.000000E+00   5.500000E+00   1.404449E-06
          203   6.500000E+00   5.500000E+00   1.309697E-06
          204   7.000000E+00   5.500000E+00   1.198585E-06
          205   7.500000E+00   5.500000E+00   1.071080E-06
          206   8.000000E+00   5.500000E+00   8.523015E-07
          207   8.500000E+00   5.500000E+00   7.507592E-07
          208   9.000000E+00   5.500000E+00   6.521905E-07
          209   9.500000E+00   5.500000E+00   5.278414E-07
          210   1.000000E+01   5.500000E+00   5.447731E-07
          211   0.000000E+00   5.000000E+00   2.404040E-06
          212   5.000000E-01   5.000000E+00   2.456965E-06
          213   1.000000E+00   5.000000E+00   2.374059E-06
          214   1.500000E+00   5.000000E+00   2.206029E-06
          215   2.000000E+00   5.000000E+00   2.099647E-06
          216   2.500000E+00   5.000000E+00   2.023349E-06
          217   3.000000E+00   5.000000E+00   1.924989E-06
          218   3.500000E+00   5.000000E+00   1.804507E-06
          219   4.000000E+00   5.000000E+00   1.613137E-06
          220   4.500000E+00   5.000000E+00   1.449149E-06
          221   5.000000E+00   5.000000E+00   1.360423E-06
          222   5.500000E+00   5.000000E+00   1.282883E-06
          223   6.000000E+00   5.000000E+00   1.180921E-06
          224   6.500000E+00   5.000000E+00   1.065388E-06
          225   7.000000E+00   5.000000E+00   8.537277E-07
          226   7.500000E+00   5.000000E+00   7.610791E-07
          227   8.000000E+00   5.000000E+00   6.683467E-07
          228   8.500000E+00   5.000000E+00   8.056766E-07
          229   9.000000E+00   5.000000E+00   6.404075E-07
          230   9.500000E+00   5.000000E+00   2.501671E-07
          231   1.000000E+01   5.000000E+00   3.730675E-07
          232   0.000000E+00   4.500000E+00   2.012002E-06
          233   5.000000E-01   4.500000E+00   2.105269E-06
          234   1.000000E+00   4.500000E+00   1.954534E-06
          235   1.500000E+00   4.500000E+00   1.924265E-06
          236   2.000000E+00   4.500000E+00   1.838586E-06
          237   2.500000E+00   4.500000E+00   1.722452E-06
          238   3.000000E+00   4.500000E+00   1.508999E-06
          239   3.500000E+00   4.500000E+00   1.387427E-06
          240   4.000000E+00   4.500000E+00   1.303675E-06
          241   4.500000E+00   4.500000E+00   1.224240E-06
          242   5.000000E+00   4.500000E+00   1.135162E-06
          243   5.500000E+00   4.500000E+00   1.014232E-06
          244   6.000000E+00   4.500000E+00   8.287743E-07
          245   6.500000E+00   4.500000E+00   7.567369E-07
          246   7.000000E+00   4.500000E+00   6.805664E-07
          247   7.500000E+00   4.500000E+00   5.930774E-07
          248   8.000000E+00   4.500000E+00   6.687632E-07
          249   8.500000E+00   4.500000E+00   8.980687E-07
          250   9.000000E+00   4.500000E+00   0.000000E+00
          251   9.500000E+00   4.500000E+00   0.000000E+00
          252   1.000000E+01   4.500000E+00   0.000000E+00
          253   0.000000E+00   4.000000E+00   1.756590E-06
          254   5.000000E-01   4.000000E+00   1.748896E-06
          255   1.000000E+00   4.000000E+00   1.739788E-06
          256   1.500000E+00   4.000000E+00   1.636188E-06
          257   2.000000E+00   4.000000E+00   1.438671E-06
          258   2.500000E+00   4.000000E+00   1.307582E-06
          259   3.000000E+00   4.000000E+00   1.242303E-06
          260   3.500000E+00   4.000000E+00   1.156771E-06
          261   4.000000E+00   4.000000E+00   1.060390E-06
          262   4.500000E+00   4.000000E+00   9.143297E-07
          263   5.000000E+00   4.000000E+00   7.881322E-07
          264   5.500000E+00   4.000000E+00   7.251160E-07
          265   6.000000E+00   4.000000E+00   6.638805E-07
          266   6.500000E+00   4.000000E+00   5.933903E-07
          267   7.000000E+00   4.000000E+00   4.520584E-07
          268   7.500000E+00   4.000000E+00   5.577981E-07
          269   8.000000E+00   4.000000E+00   7.244635E-07
          270   8.500000E+00   4.000000E+00   0.000000E+00
          271   9.000000E+00   4.000000E+00   0.000000E+00
          272   9.500000E+00   4.000000E+00   0.000000E+00
          273   1.000000E+01   4.000000E+00   0.000000E+00
          274   0.000000E+00   3.500000E+00   1.438140E-06
          275   5.000000E-01   3.500000E+00   1.510011E-06
          276   1.000000E+00   3.500000E+00   1.400288E-06
          277   1.500000E+00   3.500000E+00   1.230088E-06
          278   2.000000E+00   3.500000E+00   1.156732E-06
          279   2.500000E+00   3.500000E+00   1.073801E-06
          280   3.000000E+00   3.500000E+00   9.686416E-07
          281   3.500000E+00   3.500000E+00   7.997688E-07
          282   4.000000E+00   3.500000E+00   7.360773E-07
          283   4.500000E+00   3.500000E+00   6.713644E-07
          284   5.000000E+00   3.500000E+00   6.156083E-07
          285   5.500000E+00   3.500000E+00   5.459436E-07
          286   6.000000E+00   3.500000E+00   4.383603E-07
          287   6.500000E+00   3.500000E+00   5.665232E-07
          288   7.000000E+00   3.500000E+00   5.750175E-07
          289   7.500000E+00   3.500000E+00   4.316276E-07
          290   8.000000E+00   3.500000E+00   0.000000E+00
          291   8.500000E+00   3.500000E+00   0.000000E+00
          292   9.000000E+00   3.500000E+00   0.000000E+00
          293   9.500000E+00   3.500000E+00   0.000000E+00
          294   1.000000E+01   3.500000E+00   0.000000E+00
          295   0.000000E+00   3.000000E+00   1.049407E-06
          296   5.000000E-01   3.000000E+00   1.086241E-06
          297   1.000000E+00   3.000000E+00   1.056034E-06
          298   1.500000E+00   3.000000E+00   9.899790E-07
          299   2.000000E+00   3.000000E+00   8.693632E-07
          300   2.500000E+00   3.000000E+00   7.305624E-07
          301   3.000000E+00   3.000000E+00   6.554278E-07
          302   3.500000E+00   3.000000E+00   6.022360E-07
          303   4.000000E+00   3.000000E+00   5.521119E-07
          304   4.500000E+00   3.000000E+00   4.561794E-07
          305   5.000000E+00   3.000000E+00   5.998324E-07
          306   5.500000E+00   3.000000E+00   6.379291E-07
          307   6.000000E+00   3.000000E+00   4.290983E-07
          308   6.500000E+00   3.000000E+00   3.997811E-07
          309   7.000000E+00   3.000000E+00   0.000000E+00
          310   7.500000E+00   3.000000E+00   0.000000E+00
          311   8.000000E+00   3.000000E+00   0.000000E+00
          312   8.500000E+00   3.000000E+00   0.000000E+00
          313   9.000000E+00   3.000000E+00   0.000000E+00
          314   9.500000E+00   3.000000E+00   0.000000E+00
          315   1.000000E+01   3.000000E+00   0.000000E+00
          316   0.000000E+00   2.500000E+00   7.917831E-07
          317   5.000000E-01   2.500000E+00   8.534414E-07
          318   1.000000E+00   2.500000E+00   7.830368E-07
          319   1.500000E+00   2.500000E+00   6.619825E-07
          320   2.000000E+00   2.500000E+00   5.929794E-07
          321   2.500000E+00   2.500000E+00   5.263777E-07
          322   3.000000E+00   2.500000E+00   6.480857E-07
          323   3.500000E+00   2.500000E+00   7.255631E-07
          324   4.000000E+00   2.500000E+00   5.256338E-07
          325   4.500000E+00   2.500000E+00   4.360456E-07
          326   5.000000E+00   2.500000E+00   4.275021E-07
          327   5.500000E+00   2.500000E+00   0.000000E+00
          328   6.000000E+00   2.500000E+00   0.000000E+00
          329   6.500000E+00   2.500000E+00   0.000000E+00
          330   7.000000E+00   2.500000E+00   0.000000E+00
          331   7.500000E+00   2.500000E+00   0.000000E+00
          332   8.000000E+00   2.500000E+00   0.000000E+00
          333   8.500000E+00   2.500000E+00   0.000000E+00
          334   9.000000E+00   2.500000E+00   0.000000E+00
          335   9.500000E+00   2.500000E+00   0.000000E+00
          336   1.000000E+01   2.500000E+00   0.000000E+00
          337   0.000000E+00   2.000000E+00   4.589104E-07
          338   5.000000E-01   2.000000E+00   5.261664E-07
          339   1.000000E+00   2.000000E+00   5.679824E-07
          340   1.500000E+00   2.000000E+00   7.322602E-07
          341   2.000000E+00   2.000000E+00   6.823973E-07
          342   2.500000E+00   2.000000E+00   3.835036E-07
          343   3.000000E+00   2.000000E+00   3.840374E-07
          344   3.500000E+00   2.000000E+00   1.572145E-06
          345   4.000000E+00   2.000000E+00   0.000000E+00
          346   4.500000E+00   2.000000E+00   0.000000E+00
          347   5.000000E+00   2.000000E+00   0.000000E+00
          348   5.500000E+00   2.000000E+00   0.000000E+00
          349   6.000000E+00   2.000000E+00   0.000000E+00
          350   6.500000E+00   2.000000E+00   0.000000E+00
          351   7.000000E+00   2.000000E+00   0.000000E+00
          352   7.500000E+00   2.000000E+00   0.000000E+00
          353   8.000000E+00   2.000000E+00   0.000000E+00
          354   8.500000E+00   2.000000E+00   0.000000E+00
          355   9.000000E+00   2.000000E+00   0.000000E+00
          356   9.500000E+00   2.000000E+00   0.000000E+00
          357   1.000000E+01   2.000000E+00   0.000000E+00
          358   0.000000E+00   1.500000E+00   1.189766E-06
          359   5.000000E-01   1.500000E+00   7.155588E-07
          360   1.000000E+00   1.500000E+00   3.334261E-07
          361   1.500000E+00   1.500000E+00   5.735931E-07
          362   2.000000E+00   1.500000E+00   0.000000E+00
          363   2.500000E+00   1.500000E+00   0.000000E+00
          364   3.000000E+00   1.500000E+00   0.000000E+00
          365   3.500000E+00   1.500000E+00   0.000000E+00
          366   4.000000E+00   1.500000E+00   0.000000E+00
          367   4.500000E+00   1.500000E+00   0.000000E+00
          368   5.000000E+00   1.500000E+00   0.000000E+00
          369   5.500000E+00   1.500000E+00   0.000000E+00
          370   6.000000E+00   1.500000E+00   0.000000E+00
          371   6.500000E+00   1.500000E+00   0.000000E+00
          372   7.000000E+00   1.500000E+00   0.000000E+00
          373   7.500000E+00   1.500000E+00   0.000000E+00
          374   8.000000E+00   1.500000E+00   0.000000E+00
          375   8.500000E+00   1.500000E+00   0.000000E+00
          376   9.000000E+00   1.500000E+00   0.000000E+00
          377   9.500000E+00   1.500000E+00   0.000000E+00
          378   1.000000E+01   1.500000E+00   0.000000E+00
          379   0.000000E+00   1.000000E+00   0.000000E+00
          380   5.000000E-01   1.000000E+00   0.000000E+00
          381   1.000000E+00   1.000000E+00   0.000000E+00
          382   1.500000E+00   1.000000E+00   0.000000E+00
          383   2.000000E+00   1.000000E+00   0.000000E+00
          384   2.500000E+00   1.000000E+00   0.000000E+00
          385   3.000000E+00   1.000000E+00   0.000000E+00
          386   3.500000E+00   1.000000E+00   0.000000E+00
          387   4.000000E+00   1.000000E+00   0.000000E+00
          388   4.500000E+00   1.000000E+00   0.000000E+00
          389   5.000000E+00   1.000000E+00   0.000000E+00
          390   5.500000E+00   1.000000E+00   0.000000E+00
          391   6.000000E+00   1.000000E+00   0.000000E+00
          392   6.500000E+00   1.000000E+00   0.000000E+00
          393   7.000000E+00   1.000000E+00   0.000000E+00
          394   7.500000E+00   1.000000E+00   0.000000E+00
          395   8.000000E+00   1.000000E+00   0.000000E+00
          396   8.500000E+00   1.000000E+00   0.000000E+00
          397   9.000000E+00   1.000000E+00   0.000000E+00
          398   9.500000E+00   1.000000E+00   0.000000E+00
          399   1.000000E+01   1.000000E+00   0.000000E+00
          400   0.000000E+00   5.000000E-01   0.000000E+00
          401   5.000000E-01   5.000000E-01   0.000000E+00
          402   1.000000E+00   5.000000E-01   0.000000E+00
          403   1.500000E+00   5.000000E-01   0.000000E+00
          404   2.000000E+00   5.000000E-01   0.000000E+00
          405   2.500000E+00   5.000000E-01   0.000000E+00
          406   3.000000E+00   5.000000E-01   0.000000E+00
          407   3.500000E+00   5.000000E-01   0.000000E+00
          408   4.000000E+00   5.000000E-01   0.000000E+00
          409   4.500000E+00   5.000000E-01   0.000000E+00
          410   5.000000E+00   5.000000E-01   0.000000E+00
          411   5.500000E+00   5.000000E-01   0.000000E+00
          412   6.000000E+00   5.000000E-01   0.000000E+00
          413   6.500000E+00   5.000000E-01   0.000000E+00
          414   7.000000E+00   5.000000E-01   0.000000E+00
          415   7.500000E+00   5.000000E-01   0.000000E+00
          416   8.000000E+00   5.000000E-01   0.000000E+00
          417   8.500000E+00   5.000000E-01   0.000000E+00
          418   9.000000E+00   5.000000E-01   0.000000E+00
          419   9.500000E+00   5.000000E-01   0.000000E+00
          420   1.000000E+01   5.000000E-01   0.000000E+00
          421   0.000000E+00   0.000000E+00   0.000000E+00
          422   5.000000E-01   0.000000E+00   0.000000E+00
          423   1.000000E+00   0.000000E+00   0.000000E+00
          424   1.500000E+00   0.000000E+00   0.000000E+00
          425   2.000000E+00   0.000000E+00   0.000000E+00
          426   2.500000E+00   0.000000E+00   0.000000E+00
          427   3.000000E+00   0.000000E+00   0.000000E+00
          428   3.500000E+00   0.000000E+00   0.000000E+00
          429   4.000000E+00   0.000000E+00   0.000000E+00
          430   4.500000E+00   0.000000E+00   0.000000E+00
          431   5.000000E+00   0.000000E+00   0.000000E+00
          432   5.500000E+00   0.000000E+00   0.000000E+00
          433   6.000000E+00   0.000000E+00   0.000000E+00
          434   6.500000E+00   0.000000E+00   0.000000E+00
          435   7.000000E+00   0.000000E+00   0.000000E+00
          436   7.500000E+00   0.000000E+00   0.000000E+00
          437   8.000000E+00   0.000000E+00   0.000000E+00
          438   8.500000E+00   0.000000E+00   0.000000E+00
          439   9.000000E+00   0.000000E+00   0.000000E+00
          440   9.500000E+00   0.000000E+00   0.000000E+00
          441   1.000000E+01   0.000000E+00   0.000000E+00
    533  3.60000000E+03     NSTEP   TIME
 SURFACE NODE              X              Y      REC. FLUX
            1   0.000000E+00   1.000000E+01   5.202553E-06
            2   5.000000E-01   1.000000E+01   5.183583E-06
            3   1.000000E+00   1.000000E+01   4.771758E-06
            4   1.500000E+00   1.000000E+01   5.262054E-06
            5   2.000000E+00   1.000000E+01   5.489899E-06
            6   2.500000E+00   1.000000E+01   5.524559E-06
            7   3.000000E+00   1.000000E+01   5.380342E-06
            8   3.500000E+00   1.000000E+01   5.147107E-06
            9   4.000000E+00   1.000000E+01   4.876971E-06
           10   4.500000E+00   1.000000E+01   4.543892E-06
           11   5.000000E+00   1.000000E+01   4.116142E-06
           12   5.500000E+00   1.000000E+01   3.817039E-06
           13   6.000000E+00   1.000000E+01   3.499066E-06
           14   6.500000E+00   1.000000E+01   3.174533E-06
           15   7.000000E+00   1.000000E+01   3.428580E-06
           16   7.500000E+00   1.000000E+01   3.515227E-06
           17   8.000000E+00   1.000000E+01   3.493888E-06
           18   8.500000E+00   1.000000E+01   3.404237E-06
           19   9.000000E+00   1.000000E+01   3.327950E-06
           20   9.500000E+00   1.000000E+01   3.188999E-06
           21   1.000000E+01   1.000000E+01   3.290129E-06
           22   0.000000E+00   9.500000E+00   4.848927E-06
           23   5.000000E-01   9.500000E+00   4.902058E-06
           24   1.000000E+00   9.500000E+00   4.963701E-06
           25   1.500000E+00   9.500000E+00   5.042413E-06
           26   2.000000E+00   9.500000E+00   5.102926E-06
           27   2.500000E+00   9.500000E+00   5.090570E-06
           28   3.000000E+00   9.500000E+00   4.933714E-06
           29   3.500000E+00   9.500000E+00   4.802693E-06
           30   4.000000E+00   9.500000E+00   4.631978E-06
           31   4.500000E+00   9.500000E+00   4.359307E-06
           32   5.000000E+00   9.500000E+00   3.982456E-06
           33   5.500000E+00   9.500000E+00   3.579502E-06
           34   6.000000E+00   9.500000E+00   3.546895E-06
           35   6.500000E+00   9.500000E+00   3.446044E-06
           36   7.000000E+00   9.500000E+00   3.420605E-06
           37   7.500000E+00   9.500000E+00   3.427463E-06
           38   8.000000E+00   9.500000E+00   3.389055E-06
           39   8.500000E+00   9.500000E+00   3.354754E-06
           40   9.000000E+00   9.500000E+00   3.287444E-06
           41   9.500000E+00   9.500000E+00   3.148364E-06
           42   1.000000E+01   9.500000E+00   3.225822E-06
           43   0.000000E+00   9.000000E+00   5.538432E-06
           44   5.000000E-01   9.000000E+00   5.119694E-06
           45   1.000000E+00   9.000000E+00   5.162978E-06
           46   1.500000E+00   9.000000E+00   5.076976E-06
           47   2.000000E+00   9.000000E+00   4.993936E-06
           48   2.500000E+00   9.000000E+00   4.777066E-06
           49   3.000000E+00   9.000000E+00   4.372650E-06
           50   3.500000E+00   9.000000E+00   3.927267E-06
           51   4.000000E+00   9.000000E+00   4.037230E-06
           52   4.500000E+00   9.000000E+00   4.044694E-06
           53   5.000000E+00   9.000000E+00   3.936869E-06
           54   5.500000E+00   9.000000E+00   3.775696E-06
           55   6.000000E+00   9.000000E+00   3.730769E-06
           56   6.500000E+00   9.000000E+00   3.665464E-06
           57   7.000000E+00   9.000000E+00   3.608380E-06
           58   7.500000E+00   9.000000E+00   3.525677E-06
           59   8.000000E+00   9.000000E+00   3.352886E-06
           60   8.500000E+00   9.000000E+00   3.029179E-06
           61   9.000000E+00   9.000000E+00   2.699603E-06
           62   9.500000E+00   9.000000E+00   2.654327E-06
           63   1.000000E+01   9.000000E+00   2.716745E-06
           64   0.000000E+00   8.500000E+00   5.039691E-06
           65   5.000000E-01   8.500000E+00   5.076460E-06
           66   1.000000E+00   8.500000E+00   4.884241E-06
           67   1.500000E+00   8.500000E+00   4.529912E-06
           68   2.000000E+00   8.500000E+00   4.043243E-06
           69   2.500000E+00   8.500000E+00   4.269477E-06
           70   3.000000E+00   8.500000E+00   4.257975E-06
           71   3.500000E+00   8.500000E+00   4.107025E-06
           72   4.000000E+00   8.500000E+00   4.046722E-06
           73   4.500000E+00   8.500000E+00   4.014614E-06
           74   5.000000E+00   8.500000E+00   3.912208E-06
           75   5.500000E+00   8.500000E+00   3.828537E-06
           76   6.000000E+00   8.500000E+00   3.715879E-06
           77   6.500000E+00   8.500000E+00   3.528298E-06
           78   7.000000E+00   8.500000E+00   3.217683E-06
           79   7.500000E+00   8.500000E+00   2.802900E-06
           80   8.000000E+00   8.500000E+00   2.742758E-06
           81   8.500000E+00   8.500000E+00   2.623424E-06
           82   9.000000E+00   8.500000E+00   2.484546E-06
           83   9.500000E+00   8.500000E+00   2.189497E-06
           84   1.000000E+01   8.500000E+00   2.206565E-06
           85   0.000000E+00   8.000000E+00   4.181220E-06
           86   5.000000E-01   8.000000E+00   4.326607E-06
           87   1.000000E+00   8.000000E+00   4.294426E-06
           88   1.500000E+00   8.000000E+00   4.322690E-06
           89   2.000000E+00   8.000000E+00   4.256154E-06
           90   2.500000E+00   8.000000E+00   4.234567E-06
           91   3.000000E+00   8.000000E+00   4.227937E-06
           92   3.500000E+00   8.000000E+00   4.110697E-06
           93   4.000000E+00   8.000000E+00   4.001941E-06
           94   4.500000E+00   8.000000E+00   3.848718E-06
           95   5.000000E+00   8.000000E+00   3.602868E-06
           96   5.500000E+00   8.000000E+00   3.283400E-06
           97   6.000000E+00   8.000000E+00   3.015088E-06
           98   6.500000E+00   8.000000E+00   2.893249E-06
           99   7.000000E+00   8.000000E+00   2.760248E-06
          100   7.500000E+00   8.000000E+00   2.607848E-06
          101   8.000000E+00   8.000000E+00   2.412556E-06
          102   8.500000E+00   8.000000E+00   2.132678E-06
          103   9.000000E+00   8.000000E+00   2.157327E-06
          104   9.500000E+00   8.000000E+00   2.086251E-06
          105   1.000000E+01   8.000000E+00   2.107000E-06
          106   0.000000E+00   7.500000E+00   4.315276E-06
          107   5.000000E-01   7.500000E+00   4.099367E-06
          108   1.000000E+00   7.500000E+00   4.237510E-06
          109   1.500000E+00   7.500000E+00   4.260695E-06
          110   2.000000E+00   7.500000E+00   4.226425E-06
          111   2.500000E+00   7.500000E+00   4.118778E-06
          112   3.000000E+00   7.500000E+00   3.953501E-06
          113   3.500000E+00   7.500000E+00   3.698073E-06
          114   4.000000E+00   7.500000E+00   3.349956E-06
          115   4.500000E+00   7.500000E+00   3.121854E-06
          116   5.000000E+00   7.500000E+00   3.005857E-06
          117   5.500000E+00   7.500000E+00   2.829197E-06
          118   6.000000E+00   7.500000E+00   2.711718E-06
          119   6.500000E+00   7.500000E+00   2.561906E-06
          120   7.000000E+00   7.500000E+00   2.362696E-06
          121   7.500000E+00   7.500000E+00   2.239998E-06
          122   8.000000E+00   7.500000E+00   2.106510E-06
          123   8.500000E+00   7.500000E+00   1.984173E-06
          124   9.000000E+00   7.500000E+00   1.851944E-06
          125   9.500000E+00   7.500000E+00   1.688059E-06
          126   1.000000E+01   7.500000E+00   1.732420E-06
          127   0.000000E+00   7.000000E+00   4.268737E-06
          128   5.000000E-01   7.000000E+00   4.116148E-06
          129   1.000000E+00   7.000000E+00   4.122269E-06
          130   1.500000E+00   7.000000E+00   4.068259E-06
          131   2.000000E+00   7.000000E+00   3.854867E-06
          132   2.500000E+00   7.000000E+00   3.528364E-06
          133   3.000000E+00   7.000000E+00   3.111787E-06
          134   3.500000E+00   7.000000E+00   3.077162E-06
          135   4.000000E+00   7.000000E+00   2.914146E-06
          136   4.500000E+00   7.000000E+00   2.801665E-06
          137   5.000000E+00   7.000000E+00   2.670384E-06
          138   5.500000E+00   7.000000E+00   2.488355E-06
          139   6.000000E+00   7.000000E+00   2.232308E-06
          140   6.500000E+00   7.000000E+00   2.202417E-06
          141   7.000000E+00   7.000000E+00   2.073392E-06
          142   7.500000E+00   7.000000E+00   1.976866E-06
          143   8.000000E+00   7.000000E+00   1.835008E-06
          144   8.500000E+00   7.000000E+00   1.611332E-06
          145   9.000000E+00   7.000000E+00   1.467871E-06
          146   9.500000E+00   7.000000E+00   1.395546E-06
          147   1.000000E+01   7.000000E+00   1.448391E-06
          148   0.000000E+00   6.500000E+00   3.812026E-06
          149   5.000000E-01   6.500000E+00   3.877797E-06
          150   1.000000E+00   6.500000E+00   3.733834E-06
          151   1.500000E+00   6.500000E+00   3.448870E-06
          152   2.000000E+00   6.500000E+00   3.139725E-06
          153   2.500000E+00   6.500000E+00   2.986751E-06
          154   3.000000E+00   6.500000E+00   2.878878E-06
          155   3.500000E+00   6.500000E+00   2.743637E-06
          156   4.000000E+00   6.500000E+00   2.595359E-06
          157   4.500000E+00   6.500000E+00   2.365096E-06
          158   5.000000E+00   6.500000E+00   2.283124E-06
          159   5.500000E+00   6.500000E+00   2.185093E-06
          160   6.000000E+00   6.500000E+00   2.059932E-06
          161   6.500000E+00   6.500000E+00   1.950612E-06
          162   7.000000E+00   6.500000E+00   1.822374E-06
          163   7.500000E+00   6.500000E+00   1.610814E-06
          164   8.000000E+00   6.500000E+00   1.431857E-06
          165   8.500000E+00   6.500000E+00   1.325756E-06
          166   9.000000E+00   6.500000E+00   1.199859E-06
          167   9.500000E+00   6.500000E+00   1.025409E-06
          168   1.000000E+01   6.500000E+00   1.050387E-06
          169   0.000000E+00   6.000000E+00   3.217494E-06
          170   5.000000E-01   6.000000E+00   3.346171E-06
          171   1.000000E+00   6.000000E+00   2.984685E-06
          172   1.500000E+00   6.000000E+00   2.863696E-06
          173   2.000000E+00   6.000000E+00   2.818149E-06
          174   2.500000E+00   6.000000E+00   2.675262E-06
          175   3.000000E+00   6.000000E+00   2.514572E-06
          176   3.500000E+00   6.000000E+00   2.359248E-06
          177   4.000000E+00   6.000000E+00   2.261291E-06
          178   4.500000E+00   6.000000E+00   2.132709E-06
          179   5.000000E+00   6.000000E+00   2.043678E-06
          180   5.500000E+00   6.000000E+00   1.933335E-06
          181   6.000000E+00   6.000000E+00   1.785555E-06
          182   6.500000E+00   6.000000E+00   1.562642E-06
          183   7.000000E+00   6.000000E+00   1.416989E-06
          184   7.500000E+00   6.000000E+00   1.322590E-06
          185   8.000000E+00   6.000000E+00   1.201972E-06
          186   8.500000E+00   6.000000E+00   1.033361E-06
          187   9.000000E+00   6.000000E+00   8.645643E-07
          188   9.500000E+00   6.000000E+00   7.807945E-07
          189   1.000000E+01   6.000000E+00   8.175704E-07
          190   0.000000E+00   5.500000E+00   2.852429E-06
          191   5.000000E-01   5.500000E+00   2.745322E-06
          192   1.000000E+00   5.500000E+00   2.703687E-06
          193   1.500000E+00   5.500000E+00   2.581277E-06
          194   2.000000E+00   5.500000E+00   2.442230E-06
          195   2.500000E+00   5.500000E+00   2.285509E-06
          196   3.000000E+00   5.500000E+00   2.181121E-06
          197   3.500000E+00   5.500000E+00   2.095841E-06
          198   4.000000E+00   5.500000E+00   1.996117E-06
          199   4.500000E+00   5.500000E+00   1.879439E-06
          200   5.000000E+00   5.500000E+00   1.713912E-06
          201   5.500000E+00   5.500000E+00   1.499793E-06
          202   6.000000E+00   5.500000E+00   1.404449E-06
          203   6.500000E+00   5.500000E+00   1.309697E-06
          204   7.000000E+00   5.500000E+00   1.198585E-06
          205   7.500000E+00   5.500000E+00   1.071080E-06
          206   8.000000E+00   5.500000E+00   8.523015E-07
          207   8.500000E+00   5.500000E+00   7.507592E-07
          208   9.000000E+00   5.500000E+00   6.521905E-07
          209   9.500000E+00   5.500000E+00   5.278414E-07
          210   1.000000E+01   5.500000E+00   5.447731E-07
          211   0.000000E+00   5.000000E+00   2.404040E-06
          212   5.000000E-01   5.000000E+00   2.456965E-06
          213   1.000000E+00   5.000000E+00   2.374059E-06
          214   1.500000E+00   5.000000E+00   2.206029E-06
          215   2.000000E+00   5.000000E+00   2.099647E-06
          216   2.500000E+00   5.000000E+00   2.023349E-06
          217   3.000000E+00   5.000000E+00   1.924989E-06
          218   3.500000E+00   5.000000E+00   1.804507E-06
          219   4.000000E+00   5.000000E+00   1.613137E-06
          220   4.500000E+00   5.000000E+00   1.449149E-06
          221   5.000000E+00   5.000000E+00   1.360423E-06
          222   5.500000E+00   5.000000E+00   1.282883E-06
          223   6.000000E+00   5.000000E+00   1.180921E-06
          224   6.500000E+00   5.000000E+00   1.065388E-06
          225   7.000000E+00   5.000000E+00   8.537277E-07
          226   7.500000E+00   5.000000E+00   7.610791E-07
          227   8.000000E+00   5.000000E+00   6.683467E-07
          228   8.500000E+00   5.000000E+00   8.056766E-07
          229   9.000000E+00   5.000000E+00   6.404075E-07
          230   9.500000E+00   5.000000E+00   2.501671E-07
          231   1.000000E+01   5.000000E+00   3.730675E-07
          232   0.000000E+00   4.500000E+00   2.012002E-06
          233   5.000000E-01   4.500000E+00   2.105269E-06
          234   1.000000E+00   4.500000E+00   1.954534E-06
          235   1.500000E+00   4.500000E+00   1.924265E-06
          236   2.000000E+00   4.500000E+00   1.838586E-06
          237   2.500000E+00   4.500000E+00   1.722452E-06
          238   3.000000E+00   4.500000E+00   1.508999E-06
          239   3.500000E+00   4.500000E+00   1.387427E-06
          240   4.000000E+00   4.500000E+00   1.303675E-06
          241   4.500000E+00   4.500000E+00   1.224240E-06
          242   5.000000E+00   4.500000E+00   1.135162E-06
          243   5.500000E+00   4.500000E+00   1.014232E-06
          244   6.000000E+00   4.500000E+00   8.287743E-07
          245   6.500000E+00   4.500000E+00   7.567369E-07
          246   7.000000E+00   4.500000E+00   6.805664E-07
          247   7.500000E+00   4.500000E+00   5.930774E-07
          248   8.000000E+00   4.500000E+00   6.687632E-07
          249   8.500000E+00   4.500000E+00   8.980687E-07
          250   9.000000E+00   4.500000E+00   0.000000E+00
          251   9.500000E+00   4.500000E+00   0.000000E+00
          252   1.000000E+01   4.500000E+00   0.000000E+00
          253   0.000000E+00   4.000000E+00   1.756590E-06
          254   5.000000E-01   4.000000E+00   1.748896E-06
          255   1.000000E+00   4.000000E+00   1.739788E-06
          256   1.500000E+00   4.000000E+00   1.636188E-06
          257   2.000000E+00   4.000000E+00   1.438671E-06
          258   2.500000E+00   4.000000E+00   1.307582E-06
          259   3.000000E+00   4.000000E+00   1.242303E-06
          260   3.500000E+00   4.000000E+00   1.156771E-06
          261   4.000000E+00   4.000000E+00   1.060390E-06
          262   4.500000E+00   4.000000E+00   9.143297E-07
          263   5.000000E+00   4.000000E+00   7.881322E-07
          264   5.500000E+00   4.000000E+00   7.251160E-07
          265   6.000000E+00   4.000000E+00   6.638805E-07
          266   6.500000E+00   4.000000E+00   5.933903E-07
          267   7.000000E+00   4.000000E+00   4.520584E-07
          268   7.500000E+00   4.000000E+00   5.577981E-07
          269   8.000000E+00   4.000000E+00   7.244635E-07
          270   8.500000E+00   4.000000E+00   0.000000E+00
          271   9.000000E+00   4.000000E+00   0.000000E+00
          272   9.500000E+00   4.000000E+00   0.000000E+00
          273   1.000000E+01   4.000000E+00   0.000000E+00
          274   0.000000E+00   3.500000E+00   1.438140E-06
          275   5.000000E-01   3.500000E+00   1.510011E-06
          276   1.000000E+00   3.500000E+00   1.400288E-06
          277   1.500000E+00   3.500000E+00   1.230088E-06
          278   2.000000E+00   3.500000E+00   1.156732E-06
          279   2.500000E+00   3.500000E+00   1.073801E-06
          280   3.000000E+00   3.500000E+00   9.686416E-07
          281   3.500000E+00   3.500000E+00   7.997688E-07
          282   4.000000E+00   3.500000E+00   7.360773E-07
          283   4.500000E+00   3.500000E+00   6.713644E-07
          284   5.000000E+00   3.500000E+00   6.156083E-07
          285   5.500000E+00   3.500000E+00   5.459436E-07
          286   6.000000E+00   3.500000E+00   4.383603E-07
          287   6.500000E+00   3.500000E+00   5.665232E-07
          288   7.000000E+00   3.500000E+00   5.750175E-07
          289   7.500000E+00   3.500000E+00   4.316276E-07
          290   8.000000E+00   3.500000E+00   0.000000E+00
          291   8.500000E+00   3.500000E+00   0.000000E+00
          292   9.000000E+00   3.500000E+00   0.000000E+00
          293   9.500000E+00   3.500000E+00   0.000000E+00
          294   1.000000E+01   3.500000E+00   0.000000E+00
          295   0.000000E+00   3.000000E+00   1.049407E-06
          296   5.000000E-01   3.000000E+00   1.086241E-06
          297   1.000000E+00   3.000000E+00   1.056034E-06
          298   1.500000E+00   3.000000E+00   9.899790E-07
          299   2.000000E+00   3.000000E+00   8.693632E-07
          300   2.500000E+00   3.000000E+00   7.305624E-07
          301   3.000000E+00   3.000000E+00   6.554278E-07
          302   3.500000E+00   3.000000E+00   6.022360E-07
          303   4.000000E+00   3.000000E+00   5.521119E-07
          304   4.500000E+00   3.000000E+00   4.561794E-07
          305   5.000000E+00   3.000000E+00   5.998324E-07
          306   5.500000E+00   3.000000E+00   6.379291E-07
          307   6.000000E+00   3.000000E+00   4.290983E-07
          308   6.500000E+00   3.000000E+00   3.997811E-07
          309   7.000000E+00   3.000000E+00   0.000000E+00
          310   7.500000E+00   3.000000E+00   0.000000E+00
          311   8.000000E+00   3.000000E+00   0.000000E+00
          312   8.500000E+00   3.000000E+00   0.000000E+00
          313   9.000000E+00   3.000000E+00   0.000000E+00
          314   9.500000E+00   3.000000E+00   0.000000E+00
          315   1.000000E+01   3.000000E+00   0.000000E+00
          316   0.000000E+00   2.500000E+00   7.917831E-07
          317   5.000000E-01   2.500000E+00   8.534414E-07
          318   1.000000E+00   2.500000E+00   7.830368E-07
          319   1.500000E+00   2.500000E+00   6.619825E-07
          320   2.000000E+00   2.500000E+00   5.929794E-07
          321   2.500000E+00   2.500000E+00   5.263777E-07
          322   3.000000E+00   2.500000E+00   6.480857E-07
          323   3.500000E+00   2.500000E+00   7.255631E-07
          324   4.000000E+00   2.500000E+00   5.256338E-07
          325   4.500000E+00   2.500000E+00   4.360456E-07
          326   5.000000E+00   2.500000E+00   4.275021E-07
          327   5.500000E+00   2.500000E+00   0.000000E+00
          328   6.000000E+00   2.500000E+00   0.000000E+00
          329   6.500000E+00   2.500000E+00   0.000000E+00
          330   7.000000E+00   2.500000E+00   0.000000E+00
          331   7.500000E+00   2.500000E+00   0.000000E+00
          332   8.000000E+00   2.500000E+00   0.000000E+00
          333   8.500000E+00   2.500000E+00   0.000000E+00
          334   9.000000E+00   2.500000E+00   0.000000E+00
          335   9.500000E+00   2.500000E+00   0.000000E+00
          336   1.000000E+01   2.500000E+00   0.000000E+00
          337   0.000000E+00   2.000000E+00   4.589104E-07
          338   5.000000E-01   2.000000E+00   5.261664E-07
          339   1.000000E+00   2.000000E+00   5.679824E-07
          340   1.500000E+00   2.000000E+00   7.322602E-07
          341   2.000000E+00   2.000000E+00   6.823973E-07
          342   2.500000E+00   2.000000E+00   3.835036E-07
          343   3.000000E+00   2.000000E+00   3.840374E-07
          344   3.500000E+00   2.000000E+00   1.572145E-06
          345   4.000000E+00   2.000000E+00   0.000000E+00
          346   4.500000E+00   2.000000E+00   0.000000E+00
          347   5.000000E+00   2.000000E+00   0.000000E+00
          348   5.500000E+00   2.000000E+00   0.000000E+00
          349   6.000000E+00   2.000000E+00   0.000000E+00
          350   6.500000E+00   2.000000E+00   0.000000E+00
          351   7.000000E+00   2.000000E+00   0.000000E+00
          352   7.500000E+00   2.000000E+00   0.000000E+00
          353   8.000000E+00   2.000000E+00   0.000000E+00
          354   8.500000E+00   2.000000E+00   0.000000E+00
          355   9.000000E+00   2.000000E+00   0.000000E+00
          356   9.500000E+00   2.000000E+00   0.000000E+00
          357   1.000000E+01   2.000000E+00   0.000000E+00
          358   0.000000E+00   1.500000E+00   1.189766E-06
          359   5.000000E-01   1.500000E+00   7.155588E-07
          360   1.000000E+00   1.500000E+00   3.334261E-07
          361   1.500000E+00   1.500000E+00   5.735931E-07
          362   2.000000E+00   1.500000E+00   0.000000E+00
          363   2.500000E+00   1.500000E+00   0.000000E+00
          364   3.000000E+00   1.500000E+00   0.000000E+00
          365   3.500000E+00   1.500000E+00   0.000000E+00
          366   4.000000E+00   1.500000E+00   0.000000E+00
          367   4.500000E+00   1.500000E+00   0.000000E+00
          368   5.000000E+00   1.500000E+00   0.000000E+00
          369   5.500000E+00   1.500000E+00   0.000000E+00
          370   6.000000E+00   1.500000E+00   0.000000E+00
          371   6.500000E+00   1.500000E+00   0.000000E+00
          372   7.000000E+00   1.500000E+00   0.000000E+00
          373   7.500000E+00   1.500000E+00   0.000000E+00
          374   8.000000E+00   1.500000E+00   0.000000E+00
          375   8.500000E+00   1.500000E+00   0.000000E+00
          376   9.000000E+00   1.500000E+00   0.000000E+00
          377   9.500000E+00   1.500000E+00   0.000000E+00
          378   1.000000E+01   1.500000E+00   0.000000E+00
          379   0.000000E+00   1.000000E+00   0.000000E+00
          380   5.000000E-01   1.000000E+00   0.000000E+00
          381   1.000000E+00   1.000000E+00   0.000000E+00
          382   1.500000E+00   1.000000E+00   0.000000E+00
          383   2.000000E+00   1.000000E+00   0.000000E+00
          384   2.500000E+00   1.000000E+00   0.000000E+00
          385   3.000000E+00   1.000000E+00   0.000000E+00
          386   3.500000E+00   1.000000E+00   0.000000E+00
          387   4.000000E+00   1.000000E+00   0.000000E+00
          388   4.500000E+00   1.000000E+00   0.000000E+00
          389   5.000000E+00   1.000000E+00   0.000000E+00
          390   5.500000E+00   1.000000E+00   0.000000E+00
          391   6.000000E+00   1.000000E+00   0.000000E+00
          392   6.500000E+00   1.000000E+00   0.000000E+00
          393   7.000000E+00   1.000000E+00   0.000000E+00
          394   7.500000E+00   1.000000E+00   0.000000E+00
          395   8.000000E+00   1.000000E+00   0.000000E+00
          396   8.500000E+00   1.000000E+00   0.000000E+00
          397   9.000000E+00   1.000000E+00   0.000000E+00
          398   9.500000E+00   1.000000E+00   0.000000E+00
          399   1.000000E+01   1.000000E+00   0.000000E+00
          400   0.000000E+00   5.000000E-01   0.000000E+00
          401   5.000000E-01   5.000000E-01   0.000000E+00
          402   1.000000E+00   5.000000E-01   0.000000E+00
          403   1.500000E+00   5.000000E-01   0.000000E+00
          404   2.000000E+00   5.000000E-01   0.000000E+00
          405   2.500000E+00   5.000000E-01   0.000000E+00
          406   3.000000E+00   5.000000E-01   0.000000E+00
          407   3.500000E+00   5.000000E-01   0.000000E+00
          408   4.000000E+00   5.000000E-01   0.000000E+00
          409   4.500000E+00   5.000000E-01   0.000000E+00
          410   5.000000E+00   5.000000E-01   0.000000E+00
          411   5.500000E+00   5.000000E-01   0.000000E+00
          412   6.000000E+00   5.000000E-01   0.000000E+00
          413   6.500000E+00   5.000000E-01   0.000000E+00
          414   7.000000E+00   5.000000E-01   0.000000E+00
          415   7.500000E+00   5.000000E-01   0.000000E+00
          416   8.000000E+00   5.000000E-01   0.000000E+00
          417   8.500000E+00   5.000000E-01   0.000000E+00
          418   9.000000E+00   5.000000E-01   0.000000E+00
          419   9.500000E+00   5.000000E-01   0.000000E+00
          420   1.000000E+01   5.000000E-01   0.000000E+00
          421   0.000000E+00   0.000000E+00   0.000000E+00
          422   5.000000E-01   0.000000E+00   0.000000E+00
          423   1.000000E+00   0.000000E+00   0.000000E+00
          424   1.500000E+00   0.000000E+00   0.000000E+00
          425   2.000000E+00   0.000000E+00   0.000000E+00
          426   2.500000E+00   0.000000E+00   0.000000E+00
          427   3.000000E+00   0.000000E+00   0.000000E+00
          428   3.500000E+00   0.000000E+00   0.000000E+00
          429   4.000000E+00   0.000000E+00   0.000000E+00
          430   4.500000E+00   0.000000E+00   0.000000E+00
          431   5.000000E+00   0.000000E+00   0.000000E+00
          432   5.500000E+00   0.000000E+00   0.000000E+00
          433   6.000000E+00   0.000000E+00   0.000000E+00
          434   6.500000E+00   0.000000E+00   0.000000E+00
          435   7.000000E+00   0.000000E+00   0.000000E+00
          436   7.500000E+00   0.000000E+00   0.000000E+00
          437   8.000000E+00   0.000000E+00   0.000000E+00
          438   8.500000E+00   0.000000E+00   0.000000E+00
          439   9.000000E+00   0.000000E+00   0.000000E+00
          440   9.500000E+00   0.000000E+00   0.000000E+00
          441   1.000000E+01   0.000000E+00   0.000000E+00
