#INITIAL MASS OF SOLUTE IN THE SUBSURFACE =   1.65000E+02
#NSTEP       DELTAT         TIME  NADV          MASST         DSMASS      MASSINADV     MASSINDISP     MASSOUTADV    MASSOUTDISP         MINTOT     MASSOUTTOT         MERRAS        CMERRAS      MASSSURF
     1 1.000000E-02 1.000000E-02     2  1.650000E+02 -9.184447E-07  0.000000E+00  0.000000E+00  9.184440E-07  0.000000E+00  0.000000E+00  9.184440E-07  0.000000E+00  0.000000E+00  0.000000E+00
     2 5.000000E-03 1.500000E-02     2  1.650000E+02 -9.057329E-08  1.749477E-09  0.000000E+00  5.218518E-07  0.000000E+00  1.749477E-09  1.440296E-06  0.000000E+00  0.000000E+00  5.302390E-07
     3 5.500000E-03 2.050000E-02     2  1.650000E+02 -1.244855E-07  1.728597E-09  0.000000E+00  6.348962E-07  0.000000E+00  3.478074E-09  2.075192E-06  0.000000E+00  0.000000E+00  8.184657E-07
     4 6.050000E-03 2.655000E-02     2  1.650000E+02 -2.259704E-07  2.603069E-09  0.000000E+00  7.573559E-07  0.000000E+00  6.081143E-09  2.832548E-06  0.000000E+00  0.000000E+00  1.323587E-06
     5 6.050000E-03 3.260000E-02     2  1.650000E+02 -3.513153E-07  1.200245E-09  0.000000E+00  8.109734E-07  0.000000E+00  7.281388E-09  3.643521E-06  0.000000E+00  0.000000E+00  1.906666E-06
     6 6.050000E-03 3.865000E-02     2  1.650000E+02 -4.879759E-07  2.402776E-10  0.000000E+00  8.558105E-07  0.000000E+00  7.521665E-09  4.499332E-06  0.000000E+00  0.000000E+00  2.574178E-06
     7 6.050000E-03 4.470000E-02     2  1.650000E+02 -6.484278E-07  1.267101E-09  0.000000E+00  8.964587E-07  0.000000E+00  8.788766E-09  5.395791E-06  0.000000E+00  0.000000E+00  3.293840E-06
     8 3.025000E-03 4.772500E-02     2  1.650000E+02 -3.239582E-07 -7.439617E-10  0.000000E+00  4.576546E-07  0.000000E+00  8.788766E-09  5.853445E-06  0.000000E+00  0.000000E+00  3.591366E-06
     9 3.327500E-03 5.105250E-02     2  1.650000E+02 -4.704802E-07 -6.855805E-10  0.000000E+00  5.145834E-07  0.000000E+00  8.788766E-09  6.368029E-06  0.000000E+00  0.000000E+00  4.039740E-06
    10 3.660250E-03 5.471275E-02     2  1.650000E+02 -6.275881E-07 -8.175125E-10  0.000000E+00  5.789084E-07  0.000000E+00  8.788766E-09  6.946937E-06  0.000000E+00  0.000000E+00  4.548970E-06
    11 3.660250E-03 5.837300E-02     2  1.650000E+02 -7.327322E-07 -1.076483E-09  0.000000E+00  5.910692E-07  0.000000E+00  8.788766E-09  7.538006E-06  0.000000E+00  0.000000E+00  5.066592E-06
    12 4.026275E-03 6.239928E-02     2  1.650000E+02 -9.169870E-07 -1.335024E-09  0.000000E+00  6.641116E-07  0.000000E+00  8.788766E-09  8.202118E-06  0.000000E+00  0.000000E+00  5.674418E-06
    13 4.026275E-03 6.642555E-02     2  1.650000E+02 -1.047699E-06  2.643576E-10  0.000000E+00  6.773067E-07  0.000000E+00  9.053124E-09  8.879424E-06  0.000000E+00  0.000000E+00  6.293830E-06
    14 4.026275E-03 7.045183E-02     2  1.650000E+02 -1.189379E-06  4.799241E-10  0.000000E+00  6.899423E-07  0.000000E+00  9.533048E-09  9.569367E-06  0.000000E+00  0.000000E+00  6.935357E-06
    15 4.026275E-03 7.447810E-02     2  1.650000E+02 -1.331481E-06  6.025887E-10  0.000000E+00  7.020724E-07  0.000000E+00  1.013564E-08  1.027144E-05  0.000000E+00  0.000000E+00  7.596545E-06
    16 4.026275E-03 7.850438E-02     2  1.650000E+02 -1.461022E-06  5.944285E-10  0.000000E+00  7.138240E-07  0.000000E+00  1.073007E-08  1.098526E-05  0.000000E+00  0.000000E+00  8.278110E-06
    17 4.026275E-03 8.253065E-02     2  1.650000E+02 -1.612400E-06  6.917700E-10  0.000000E+00  7.251401E-07  0.000000E+00  1.142184E-08  1.171040E-05  0.000000E+00  0.000000E+00  8.977091E-06
    18 4.026275E-03 8.655692E-02     2  1.650000E+02 -1.764420E-06  6.035008E-10  0.000000E+00  7.360654E-07  0.000000E+00  1.202534E-08  1.244647E-05  0.000000E+00  0.000000E+00  9.694574E-06
    19 4.026275E-03 9.058320E-02     2  1.650000E+02 -1.925690E-06  5.573471E-10  0.000000E+00  7.466447E-07  0.000000E+00  1.258268E-08  1.319311E-05  0.000000E+00  0.000000E+00  1.042914E-05
    20 4.026275E-03 9.460947E-02     2  1.650000E+02 -2.085566E-06  3.743150E-10  0.000000E+00  7.568643E-07  0.000000E+00  1.295700E-08  1.394998E-05  0.000000E+00  0.000000E+00  1.117939E-05
    21 4.026275E-03 9.863575E-02     2  1.650000E+02 -2.243596E-06  3.824941E-10  0.000000E+00  7.667683E-07  0.000000E+00  1.333949E-08  1.471675E-05  0.000000E+00  0.000000E+00  1.194185E-05
    22 4.428903E-03 1.030647E-01     2  1.650000E+02 -2.486173E-06  1.749999E-10  0.000000E+00  8.551522E-07  0.000000E+00  1.351449E-08  1.557190E-05  0.000000E+00  0.000000E+00  1.279391E-05
    23 4.428903E-03 1.074936E-01     2  1.650000E+02 -2.659756E-06 -9.857687E-11  0.000000E+00  8.663635E-07  0.000000E+00  1.351449E-08  1.643826E-05  0.000000E+00  0.000000E+00  1.365791E-05
    24 4.428903E-03 1.119225E-01     2  1.650000E+02 -2.830968E-06 -6.272190E-10  0.000000E+00  8.772047E-07  0.000000E+00  1.351449E-08  1.731547E-05  0.000000E+00  0.000000E+00  1.453410E-05
    25 4.428903E-03 1.163514E-01     2  1.650000E+02 -3.000735E-06 -9.781496E-10  0.000000E+00  8.876955E-07  0.000000E+00  1.351449E-08  1.820316E-05  0.000000E+00  0.000000E+00  1.542101E-05
    26 4.428903E-03 1.207803E-01     2  1.650000E+02 -3.165846E-06 -1.398957E-09  0.000000E+00  8.979004E-07  0.000000E+00  1.351449E-08  1.910106E-05  0.000000E+00  0.000000E+00  1.631830E-05
    27 4.428903E-03 1.252092E-01     2  1.650000E+02 -3.325994E-06 -1.941693E-09  0.000000E+00  9.077763E-07  0.000000E+00  1.351449E-08  2.000884E-05  0.000000E+00  0.000000E+00  1.722554E-05
    28 4.428903E-03 1.296381E-01     2  1.650000E+02 -3.483795E-06 -2.400818E-09  0.000000E+00  9.173608E-07  0.000000E+00  1.351449E-08  2.092620E-05  0.000000E+00  0.000000E+00  1.814239E-05
    29 4.428903E-03 1.340670E-01     2  1.650000E+02 -3.641406E-06 -2.929055E-09  0.000000E+00  9.266480E-07  0.000000E+00  1.351449E-08  2.185285E-05  0.000000E+00  0.000000E+00  1.906854E-05
    30 4.428903E-03 1.384959E-01     2  1.650000E+02 -3.790149E-06 -3.512332E-09  0.000000E+00  9.356780E-07  0.000000E+00  1.351449E-08  2.278853E-05  0.000000E+00  0.000000E+00  2.000396E-05
    31 4.428903E-03 1.429248E-01     2  1.650000E+02 -3.936088E-06 -4.117262E-09  0.000000E+00  9.444082E-07  0.000000E+00  1.351449E-08  2.373293E-05  0.000000E+00  0.000000E+00  2.094815E-05
    32 4.428903E-03 1.473537E-01     2  1.650000E+02 -4.079344E-06 -4.504608E-09  0.000000E+00  9.528643E-07  0.000000E+00  1.351449E-08  2.468580E-05  0.000000E+00  0.000000E+00  2.190082E-05
    33 4.428903E-03 1.517826E-01     2  1.650000E+02 -4.219159E-06 -5.014860E-09  0.000000E+00  9.610816E-07  0.000000E+00  1.351449E-08  2.564688E-05  0.000000E+00  0.000000E+00  2.286176E-05
    34 4.428903E-03 1.562115E-01     2  1.650000E+02 -4.357845E-06 -5.539240E-09  0.000000E+00  9.690454E-07  0.000000E+00  1.351449E-08  2.661592E-05  0.000000E+00  0.000000E+00  2.382992E-05
    35 4.428903E-03 1.606404E-01     2  1.650000E+02 -4.494219E-06 -6.026791E-09  0.000000E+00  9.767734E-07  0.000000E+00  1.351449E-08  2.759270E-05  0.000000E+00  0.000000E+00  2.480625E-05
    36 4.871793E-03 1.655122E-01     2  1.650000E+02 -4.729652E-06 -6.787814E-09  0.000000E+00  1.083685E-06  0.000000E+00  1.351449E-08  2.867638E-05  0.000000E+00  0.000000E+00  2.588771E-05
    37 4.871793E-03 1.703840E-01     2  1.650000E+02 -4.864030E-06 -7.439716E-09  0.000000E+00  1.092455E-06  0.000000E+00  1.351449E-08  2.976884E-05  0.000000E+00  0.000000E+00  2.697951E-05
    38 4.871793E-03 1.752558E-01     2  1.650000E+02 -5.004955E-06 -7.957391E-09  0.000000E+00  1.100992E-06  0.000000E+00  1.351449E-08  3.086983E-05  0.000000E+00  0.000000E+00  2.808575E-05
    39 4.871793E-03 1.801276E-01     2  1.650000E+02 -5.149050E-06 -5.746952E-09  0.000000E+00  1.110286E-06  0.000000E+00  1.351449E-08  3.198012E-05  0.000000E+00  0.000000E+00  2.919613E-05
    40 5.358972E-03 1.854865E-01     2  1.650000E+02 -5.401480E-06 -6.501883E-09  0.000000E+00  1.230909E-06  0.000000E+00  1.351449E-08  3.321103E-05  0.000000E+00  0.000000E+00  3.042509E-05
    41 5.358972E-03 1.908455E-01     2  1.650000E+02 -5.541325E-06 -6.904471E-09  0.000000E+00  1.240141E-06  0.000000E+00  1.351449E-08  3.445117E-05  0.000000E+00  0.000000E+00  3.166347E-05
    42 5.894869E-03 1.967404E-01     2  1.650000E+02 -5.812264E-06 -7.810613E-09  0.000000E+00  1.374957E-06  0.000000E+00  1.351449E-08  3.582612E-05  0.000000E+00  0.000000E+00  3.303403E-05
    43 5.894869E-03 2.026352E-01     2  1.650000E+02 -5.962277E-06 -8.191046E-09  0.000000E+00  1.385308E-06  0.000000E+00  1.351449E-08  3.721143E-05  0.000000E+00  0.000000E+00  3.441702E-05
    44 5.894869E-03 2.085301E-01     2  1.650000E+02 -6.113611E-06 -8.648253E-09  0.000000E+00  1.395248E-06  0.000000E+00  1.351449E-08  3.860668E-05  0.000000E+00  0.000000E+00  3.580972E-05
    45 5.894869E-03 2.144250E-01     2  1.650000E+02 -6.264246E-06 -6.319991E-09  0.000000E+00  1.404793E-06  0.000000E+00  1.351449E-08  4.001147E-05  0.000000E+00  0.000000E+00  3.721225E-05
    46 5.894869E-03 2.203198E-01     2  1.650000E+02 -6.392593E-06 -9.178155E-09  0.000000E+00  1.413965E-06  0.000000E+00  1.351449E-08  4.142544E-05  0.000000E+00  0.000000E+00  3.861723E-05
    47 5.894869E-03 2.262147E-01     2  1.650000E+02 -6.531992E-06 -9.555626E-09  0.000000E+00  1.422752E-06  0.000000E+00  1.351449E-08  4.284819E-05  0.000000E+00  0.000000E+00  4.003835E-05
    48 5.894869E-03 2.321096E-01     2  1.650000E+02 -6.661657E-06 -9.604293E-09  0.000000E+00  1.431193E-06  0.000000E+00  1.351449E-08  4.427938E-05  0.000000E+00  0.000000E+00  4.146319E-05
    49 5.894869E-03 2.380045E-01     2  1.650000E+02 -6.785494E-06 -6.807186E-09  0.000000E+00  1.439295E-06  0.000000E+00  1.351449E-08  4.571868E-05  0.000000E+00  0.000000E+00  4.289410E-05
    50 5.894869E-03 2.438993E-01     2  1.650000E+02 -6.911598E-06 -7.001538E-09  0.000000E+00  1.447072E-06  0.000000E+00  1.351449E-08  4.716575E-05  0.000000E+00  0.000000E+00  4.433839E-05
    51 5.894869E-03 2.497942E-01     2  1.650000E+02 -7.035702E-06 -7.369956E-09  0.000000E+00  1.454540E-06  0.000000E+00  1.351449E-08  4.862029E-05  0.000000E+00  0.000000E+00  4.579227E-05
    52 5.894869E-03 2.556891E-01     2  1.650000E+02 -7.155997E-06 -7.763631E-09  0.000000E+00  1.461705E-06  0.000000E+00  1.351449E-08  5.008199E-05  0.000000E+00  0.000000E+00  4.725315E-05
    53 6.484356E-03 2.621734E-01     2  1.650000E+02 -7.420225E-06 -5.586009E-09  0.000000E+00  1.616380E-06  0.000000E+00  1.351449E-08  5.169837E-05  0.000000E+00  0.000000E+00  4.886647E-05
    54 6.484356E-03 2.686578E-01     2  1.649999E+02 -7.542658E-06 -5.782927E-09  0.000000E+00  1.624905E-06  0.000000E+00  1.351449E-08  5.332328E-05  0.000000E+00  0.000000E+00  5.048692E-05
    55 6.484356E-03 2.751421E-01     2  1.649999E+02 -7.662807E-06 -6.204281E-09  0.000000E+00  1.632560E-06  0.000000E+00  1.351449E-08  5.495584E-05  0.000000E+00  0.000000E+00  5.211805E-05
    56 7.132792E-03 2.822749E-01     2  1.649999E+02 -7.947254E-06 -7.484845E-09  0.000000E+00  1.804658E-06  0.000000E+00  1.351449E-08  5.676050E-05  0.000000E+00  0.000000E+00  5.392041E-05
    57 7.132792E-03 2.894077E-01     2  1.649999E+02 -8.072495E-06 -7.974525E-09  0.000000E+00  1.812975E-06  0.000000E+00  1.351449E-08  5.857347E-05  0.000000E+00  0.000000E+00  5.573271E-05
    58 7.132792E-03 2.965405E-01     2  1.649999E+02 -8.189652E-06 -8.741468E-09  0.000000E+00  1.820912E-06  0.000000E+00  1.351449E-08  6.039438E-05  0.000000E+00  0.000000E+00  5.755274E-05
    59 7.846071E-03 3.043866E-01     2  1.649999E+02 -8.489434E-06 -9.805792E-09  0.000000E+00  2.012261E-06  0.000000E+00  1.351449E-08  6.240665E-05  0.000000E+00  0.000000E+00  5.955969E-05
    60 7.846071E-03 3.122326E-01     2  1.649999E+02 -8.614999E-06 -1.062652E-08  0.000000E+00  2.020837E-06  0.000000E+00  1.351449E-08  6.442748E-05  0.000000E+00  0.000000E+00  6.157969E-05
    61 7.846071E-03 3.200787E-01     2  1.649999E+02 -8.732368E-06 -1.070222E-08  0.000000E+00  2.028920E-06  0.000000E+00  1.351449E-08  6.645640E-05  0.000000E+00  0.000000E+00  6.360414E-05
    62 8.630678E-03 3.287094E-01     2  1.649999E+02 -9.056195E-06 -1.257207E-08  0.000000E+00  2.241162E-06  0.000000E+00  1.351449E-08  6.869756E-05  0.000000E+00  0.000000E+00  6.584338E-05
    63 8.630678E-03 3.373401E-01     2  1.649999E+02 -9.176586E-06 -1.281152E-08  0.000000E+00  2.249824E-06  0.000000E+00  1.351449E-08  7.094739E-05  0.000000E+00  0.000000E+00  6.808828E-05
    64 9.493746E-03 3.468338E-01     2  1.649999E+02 -9.528859E-06 -1.179884E-08  0.000000E+00  2.484742E-06  0.000000E+00  1.351449E-08  7.343213E-05  0.000000E+00  0.000000E+00  7.057088E-05
    65 9.493746E-03 3.563276E-01     2  1.649999E+02 -9.651607E-06 -1.553077E-08  0.000000E+00  2.493868E-06  0.000000E+00  1.351449E-08  7.592600E-05  0.000000E+00  0.000000E+00  7.306114E-05
    66 9.493746E-03 3.658213E-01     2  1.649999E+02 -9.773978E-06 -1.400440E-08  0.000000E+00  2.502547E-06  0.000000E+00  1.351449E-08  7.842855E-05  0.000000E+00  0.000000E+00  7.556532E-05
    67 9.493746E-03 3.753151E-01     2  1.649999E+02 -9.885760E-06 -1.586449E-08  0.000000E+00  2.511007E-06  0.000000E+00  1.351449E-08  8.093955E-05  0.000000E+00  0.000000E+00  7.807439E-05
    68 1.044312E-02 3.857582E-01     2  1.649999E+02 -1.023848E-05 -1.295806E-08  0.000000E+00  2.771196E-06  0.000000E+00  1.351449E-08  8.371075E-05  0.000000E+00  0.000000E+00  8.083545E-05
    69 1.044312E-02 3.962013E-01     2  1.649999E+02 -1.036000E-05 -1.367123E-08  0.000000E+00  2.779559E-06  0.000000E+00  1.351449E-08  8.649031E-05  0.000000E+00  0.000000E+00  8.361439E-05
    70 1.148743E-02 4.076887E-01     2  1.649999E+02 -1.075185E-05 -1.421277E-08  0.000000E+00  3.066909E-06  0.000000E+00  1.351449E-08  8.955722E-05  0.000000E+00  0.000000E+00  8.667210E-05
    71 1.263618E-02 4.203249E-01     2  1.649999E+02 -1.118726E-05 -1.674222E-08  0.000000E+00  3.383969E-06  0.000000E+00  1.351449E-08  9.294118E-05  0.000000E+00  0.000000E+00  9.005493E-05
    72 1.389979E-02 4.342247E-01     2  1.649999E+02 -1.166317E-05 -1.730166E-08  0.000000E+00  3.733674E-06  0.000000E+00  1.351449E-08  9.667486E-05  0.000000E+00  0.000000E+00  9.378723E-05
    73 1.389979E-02 4.481245E-01     2  1.649999E+02 -1.178858E-05 -2.042058E-08  0.000000E+00  3.743837E-06  0.000000E+00  1.351449E-08  1.004187E-04  0.000000E+00  0.000000E+00  9.752943E-05
    74 1.528977E-02 4.634143E-01     2  1.649999E+02 -1.229075E-05 -2.151402E-08  0.000000E+00  4.129346E-06  0.000000E+00  1.351449E-08  1.045480E-04  0.000000E+00  0.000000E+00  1.016538E-04
    75 1.681875E-02 4.802330E-01     2  1.649999E+02 -1.284414E-05 -2.508164E-08  0.000000E+00  4.554187E-06  0.000000E+00  1.351449E-08  1.091022E-04  0.000000E+00  0.000000E+00  1.062059E-04
    76 1.850062E-02 4.987336E-01     2  1.649999E+02 -1.344729E-05 -2.743215E-08  0.000000E+00  5.022281E-06  0.000000E+00  1.351449E-08  1.141245E-04  0.000000E+00  0.000000E+00  1.112253E-04
    77 1.850062E-02 5.172343E-01     2  1.649999E+02 -1.358937E-05 -2.877740E-08  0.000000E+00  5.033170E-06  0.000000E+00  1.351449E-08  1.191577E-04  0.000000E+00  0.000000E+00  1.162535E-04
    78 2.035069E-02 5.375850E-01     2  1.649999E+02 -1.423693E-05 -3.331575E-08  0.000000E+00  5.548008E-06  0.000000E+00  1.351449E-08  1.247057E-04  0.000000E+00  0.000000E+00  1.217983E-04
    79 2.238576E-02 5.599707E-01     2  1.649999E+02 -1.495964E-05 -2.295277E-08  0.000000E+00  6.117193E-06  0.000000E+00  1.351449E-08  1.308229E-04  0.000000E+00  0.000000E+00  1.279104E-04
    80 2.238576E-02 5.823565E-01     2  1.649999E+02 -1.508533E-05 -3.708253E-08  0.000000E+00  6.124439E-06  0.000000E+00  1.351449E-08  1.369473E-04  0.000000E+00  0.000000E+00  1.340206E-04
    81 2.238576E-02 6.047422E-01     2  1.649999E+02 -1.521312E-05 -4.088584E-08  0.000000E+00  6.132596E-06  0.000000E+00  1.351449E-08  1.430799E-04  0.000000E+00  0.000000E+00  1.401541E-04
    82 2.462433E-02 6.293666E-01     2  1.649999E+02 -1.594621E-05 -4.040019E-08  0.000000E+00  6.754585E-06  0.000000E+00  1.351449E-08  1.498345E-04  0.000000E+00  0.000000E+00  1.469063E-04
    83 2.462433E-02 6.539909E-01     2  1.649998E+02 -1.606917E-05 -4.399193E-08  0.000000E+00  6.760970E-06  0.000000E+00  1.351449E-08  1.565955E-04  0.000000E+00  0.000000E+00  1.536687E-04
    84 2.708676E-02 6.810776E-01     2  1.649998E+02 -1.685697E-05 -4.517444E-08  0.000000E+00  7.443785E-06  0.000000E+00  1.351449E-08  1.640393E-04  0.000000E+00  0.000000E+00  1.611095E-04
    85 2.979544E-02 7.108731E-01     2  1.649998E+02 -1.772315E-05 -4.428400E-08  0.000000E+00  8.194937E-06  0.000000E+00  1.351449E-08  1.722342E-04  0.000000E+00  0.000000E+00  1.693012E-04
    86 2.979544E-02 7.406685E-01     2  1.649998E+02 -1.784888E-05 -4.881243E-08  0.000000E+00  8.199261E-06  0.000000E+00  1.351449E-08  1.804335E-04  0.000000E+00  0.000000E+00  1.775016E-04
    87 3.277499E-02 7.734435E-01     2  1.649998E+02 -1.878972E-05 -5.370083E-08  0.000000E+00  9.023670E-06  0.000000E+00  1.351449E-08  1.894571E-04  0.000000E+00  0.000000E+00  1.865263E-04
    88 3.605248E-02 8.094960E-01     2  1.649998E+02 -1.981636E-05 -5.958589E-08  0.000000E+00  9.929715E-06  0.000000E+00  1.351449E-08  1.993868E-04  0.000000E+00  0.000000E+00  1.964563E-04
    89 3.965773E-02 8.491537E-01     2  1.649998E+02 -2.093781E-05 -6.580798E-08  0.000000E+00  1.092542E-05  0.000000E+00  1.351449E-08  2.103123E-04  0.000000E+00  0.000000E+00  2.073810E-04
    90 4.362351E-02 8.927772E-01     2  1.649998E+02 -2.215487E-05 -6.968176E-08  0.000000E+00  1.201951E-05  0.000000E+00  1.351449E-08  2.223318E-04  0.000000E+00  0.000000E+00  2.193942E-04
    91 4.798586E-02 9.407631E-01     2  1.649998E+02 -2.349810E-05 -7.770687E-08  0.000000E+00  1.322172E-05  0.000000E+00  1.351449E-08  2.355535E-04  0.000000E+00  0.000000E+00  2.326129E-04
    92 5.278444E-02 9.935475E-01     2  1.649998E+02 -2.497296E-05 -8.282186E-08  0.000000E+00  1.454384E-05  0.000000E+00  1.351449E-08  2.500973E-04  0.000000E+00  0.000000E+00  2.471513E-04
    93 5.278444E-02 1.046332E+00     2  1.649997E+02 -2.512181E-05 -9.088637E-08  0.000000E+00  1.453971E-05  0.000000E+00  1.351449E-08  2.646370E-04  0.000000E+00  0.000000E+00  2.616867E-04
    94 5.806289E-02 1.104395E+00     2  1.649997E+02 -2.672482E-05 -9.686267E-08  0.000000E+00  1.599131E-05  0.000000E+00  1.351449E-08  2.806284E-04  0.000000E+00  0.000000E+00  2.776714E-04
    95 5.806289E-02 1.162458E+00     2  1.649997E+02 -2.687236E-05 -1.053521E-07  0.000000E+00  1.598512E-05  0.000000E+00  1.351449E-08  2.966135E-04  0.000000E+00  0.000000E+00  2.936517E-04
    96 6.386917E-02 1.226327E+00     2  1.649997E+02 -2.861296E-05 -1.115533E-07  0.000000E+00  1.758081E-05  0.000000E+00  1.351449E-08  3.141943E-04  0.000000E+00  0.000000E+00  3.112224E-04
    97 6.386917E-02 1.290196E+00     2  1.649997E+02 -2.875477E-05 -1.215213E-07  0.000000E+00  1.757140E-05  0.000000E+00  1.351449E-08  3.317657E-04  0.000000E+00  0.000000E+00  3.287851E-04
    98 7.025609E-02 1.360452E+00     2  1.649997E+02 -3.064335E-05 -1.341194E-07  0.000000E+00  1.932154E-05  0.000000E+00  1.351449E-08  3.510872E-04  0.000000E+00  0.000000E+00  3.480962E-04
    99 7.728170E-02 1.437734E+00     2  1.649996E+02 -3.273296E-05 -1.371493E-07  0.000000E+00  2.124900E-05  0.000000E+00  1.351449E-08  3.723362E-04  0.000000E+00  0.000000E+00  3.693267E-04
   100 7.728170E-02 1.515016E+00     2  1.649996E+02 -3.286825E-05 -1.553334E-07  0.000000E+00  2.123500E-05  0.000000E+00  1.351449E-08  3.935712E-04  0.000000E+00  0.000000E+00  3.905412E-04
   101 8.500987E-02 1.600025E+00     2  1.649996E+02 -3.515292E-05 -1.537654E-07  0.000000E+00  2.335480E-05  0.000000E+00  1.351449E-08  4.169260E-04  0.000000E+00  0.000000E+00  4.138732E-04
   102 8.500987E-02 1.685035E+00     2  1.649996E+02 -3.522493E-05 -1.622412E-07  0.000000E+00  2.333617E-05  0.000000E+00  1.351449E-08  4.402622E-04  0.000000E+00  0.000000E+00  4.371590E-04
   103 9.351086E-02 1.778546E+00     2  1.649995E+02 -3.770525E-05 -1.719392E-07  0.000000E+00  2.565999E-05  0.000000E+00  1.351449E-08  4.659222E-04  0.000000E+00  0.000000E+00  4.628038E-04
   104 9.351086E-02 1.872057E+00     2  1.649995E+02 -3.784169E-05 -1.884683E-07  0.000000E+00  2.564399E-05  0.000000E+00  1.351449E-08  4.915662E-04  0.000000E+00  0.000000E+00  4.884333E-04
   105 1.028619E-01 1.974919E+00     2  1.649995E+02 -4.052647E-05 -2.057101E-07  0.000000E+00  2.819442E-05  0.000000E+00  1.351449E-08  5.197606E-04  0.000000E+00  0.000000E+00  5.166103E-04
   106 1.131481E-01 2.088067E+00     2  1.649995E+02 -4.347326E-05 -2.268490E-07  0.000000E+00  3.099710E-05  0.000000E+00  1.351449E-08  5.507577E-04  0.000000E+00  0.000000E+00  5.475842E-04
   107 1.244630E-01 2.212530E+00     2  1.649994E+02 -4.666626E-05 -2.420627E-07  0.000000E+00  3.407691E-05  0.000000E+00  1.351449E-08  5.848346E-04  0.000000E+00  0.000000E+00  5.816198E-04
   108 1.369092E-01 2.349439E+00     2  1.649994E+02 -5.023816E-05 -2.372682E-07  0.000000E+00  3.747184E-05  0.000000E+00  1.351449E-08  6.223065E-04  0.000000E+00  0.000000E+00  6.190347E-04
   109 1.369092E-01 2.486349E+00     2  1.649993E+02 -5.036092E-05 -2.761378E-07  0.000000E+00  3.743402E-05  0.000000E+00  1.351449E-08  6.597405E-04  0.000000E+00  0.000000E+00  6.564119E-04
   110 1.506002E-01 2.636949E+00     2  1.649993E+02 -5.422702E-05 -3.056434E-07  0.000000E+00  4.115061E-05  0.000000E+00  1.351449E-08  7.008911E-04  0.000000E+00  0.000000E+00  6.975204E-04
   111 1.656602E-01 2.802609E+00     2  1.649993E+02 -5.847090E-05 -3.400570E-07  0.000000E+00  4.523340E-05  0.000000E+00  1.351449E-08  7.461245E-04  0.000000E+00  0.000000E+00  7.426995E-04
   112 1.822262E-01 2.984835E+00     2  1.649992E+02 -6.321495E-05 -3.104378E-07  0.000000E+00  4.973224E-05  0.000000E+00  1.351449E-08  7.958567E-04  0.000000E+00  0.000000E+00  7.923612E-04
   113 1.822262E-01 3.167061E+00     2  1.649992E+02 -6.326163E-05 -3.925423E-07  0.000000E+00  4.967808E-05  0.000000E+00  1.351449E-08  8.455348E-04  0.000000E+00  0.000000E+00  8.419265E-04
   114 2.004488E-01 3.367510E+00     2  1.649991E+02 -6.833578E-05 -4.120146E-07  0.000000E+00  5.461555E-05  0.000000E+00  1.351449E-08  9.001503E-04  0.000000E+00  0.000000E+00  8.964607E-04
   115 2.004488E-01 3.567959E+00     2  1.649991E+02 -6.835617E-05 -4.630074E-07  0.000000E+00  5.455560E-05  0.000000E+00  1.351449E-08  9.547059E-04  0.000000E+00  0.000000E+00  9.509259E-04
   116 2.204937E-01 3.788453E+00     2  1.649990E+02 -7.380708E-05 -5.090903E-07  0.000000E+00  5.996152E-05  0.000000E+00  1.351449E-08  1.014667E-03  0.000000E+00  0.000000E+00  1.010799E-03
   117 2.425431E-01 4.030996E+00     2  1.649989E+02 -7.980050E-05 -5.391904E-07  0.000000E+00  6.590585E-05  0.000000E+00  1.351449E-08  1.080573E-03  0.000000E+00  0.000000E+00  1.076585E-03
   118 2.425431E-01 4.273539E+00     2  1.649989E+02 -7.974980E-05 -5.919614E-07  0.000000E+00  6.583433E-05  0.000000E+00  1.351449E-08  1.146408E-03  0.000000E+00  0.000000E+00  1.142295E-03
   119 2.667974E-01 4.540336E+00     2  1.649988E+02 -8.623999E-05 -6.469640E-07  0.000000E+00  7.235022E-05  0.000000E+00  1.351449E-08  1.218758E-03  0.000000E+00  0.000000E+00  1.214503E-03
   120 2.934771E-01 4.833813E+00     2  1.649987E+02 -9.343330E-05 -6.390870E-07  0.000000E+00  7.953933E-05  0.000000E+00  1.351449E-08  1.298297E-03  0.000000E+00  0.000000E+00  1.293818E-03
   121 2.934771E-01 5.127291E+00     2  1.649986E+02 -9.313836E-05 -7.261986E-07  0.000000E+00  7.941640E-05  0.000000E+00  1.351449E-08  1.377714E-03  0.000000E+00  0.000000E+00  1.372966E-03
   122 3.228248E-01 5.450115E+00     2  1.649985E+02 -1.008990E-04 -7.613103E-07  0.000000E+00  8.728125E-05  0.000000E+00  1.351449E-08  1.464995E-03  0.000000E+00  0.000000E+00  1.460022E-03
   123 3.228248E-01 5.772940E+00     2  1.649985E+02 -1.005436E-04 -8.245630E-07  0.000000E+00  8.716964E-05  0.000000E+00  1.351449E-08  1.552164E-03  0.000000E+00  0.000000E+00  1.546921E-03
   124 3.551073E-01 6.128048E+00     2  1.649984E+02 -1.090694E-04 -8.113151E-07  0.000000E+00  9.582583E-05  0.000000E+00  1.351449E-08  1.647990E-03  0.000000E+00  0.000000E+00  1.642448E-03
   125 3.551073E-01 6.483155E+00     2  1.649983E+02 -1.085025E-04 -9.573540E-07  0.000000E+00  9.567099E-05  0.000000E+00  1.351449E-08  1.743661E-03  0.000000E+00  0.000000E+00  1.737755E-03
   126 3.906181E-01 6.873773E+00     2  1.649982E+02 -1.175433E-04 -1.039205E-06  0.000000E+00  1.051260E-04  0.000000E+00  1.351449E-08  1.848787E-03  0.000000E+00  0.000000E+00  1.842567E-03
   127 4.296799E-01 7.303453E+00     2  1.649980E+02 -1.276469E-04 -9.490758E-07  0.000000E+00  1.155856E-04  0.000000E+00  1.351449E-08  1.964373E-03  0.000000E+00  0.000000E+00  1.957662E-03
   128 4.296799E-01 7.733133E+00     2  1.649979E+02 -1.265769E-04 -1.175758E-06  0.000000E+00  1.153506E-04  0.000000E+00  1.351449E-08  2.079723E-03  0.000000E+00  0.000000E+00  2.072413E-03
   129 4.726479E-01 8.205781E+00     2  1.649978E+02 -1.370276E-04 -1.212335E-06  0.000000E+00  1.267334E-04  0.000000E+00  1.351449E-08  2.206457E-03  0.000000E+00  0.000000E+00  2.198602E-03
   130 5.199126E-01 8.725693E+00     2  1.649977E+02 -1.486851E-04 -1.324208E-06  0.000000E+00  1.392215E-04  0.000000E+00  1.351449E-08  2.345678E-03  0.000000E+00  0.000000E+00  2.337288E-03
   131 5.719039E-01 9.297597E+00     2  1.649975E+02 -1.616249E-04 -1.319892E-06  0.000000E+00  1.529634E-04  0.000000E+00  1.351449E-08  2.498642E-03  0.000000E+00  0.000000E+00  2.489543E-03
   132 5.719039E-01 9.869501E+00     2  1.649974E+02 -1.600642E-04 -1.540683E-06  0.000000E+00  1.526810E-04  0.000000E+00  1.351449E-08  2.651323E-03  0.000000E+00  0.000000E+00  2.641395E-03
   133 6.290943E-01 1.049860E+01     2  1.649972E+02 -1.737751E-04 -1.687446E-06  0.000000E+00  1.677046E-04  0.000000E+00  1.351449E-08  2.819027E-03  0.000000E+00  0.000000E+00  2.808274E-03
   134 6.920037E-01 1.119060E+01     2  1.649970E+02 -1.887046E-04 -1.803470E-06  0.000000E+00  1.841866E-04  0.000000E+00  1.351449E-08  3.003214E-03  0.000000E+00  0.000000E+00  2.991411E-03
   135 7.612041E-01 1.195180E+01     2  1.649968E+02 -2.051444E-04 -1.976232E-06  0.000000E+00  2.022613E-04  0.000000E+00  1.351449E-08  3.205475E-03  0.000000E+00  0.000000E+00  3.192444E-03
   136 8.373245E-01 1.278913E+01     2  1.649966E+02 -2.230912E-04 -2.169691E-06  0.000000E+00  2.220804E-04  0.000000E+00  1.351449E-08  3.427556E-03  0.000000E+00  0.000000E+00  3.413025E-03
   137 9.210570E-01 1.371018E+01     2  1.649964E+02 -2.423425E-04 -2.106645E-06  0.000000E+00  2.438100E-04  0.000000E+00  1.351449E-08  3.671366E-03  0.000000E+00  0.000000E+00  3.654945E-03
   138 1.013163E+00 1.472335E+01     2  1.649961E+02 -2.642633E-04 -2.248698E-06  0.000000E+00  2.676600E-04  0.000000E+00  1.351449E-08  3.939026E-03  0.000000E+00  0.000000E+00  3.920365E-03
   139 1.013163E+00 1.573651E+01     2  1.649958E+02 -2.612824E-04 -2.376485E-06  0.000000E+00  2.670902E-04  0.000000E+00  1.351449E-08  4.206116E-03  0.000000E+00  0.000000E+00  4.184937E-03
   140 1.114479E+00 1.685099E+01     2  1.649955E+02 -2.844364E-04 -2.727353E-06  0.000000E+00  2.931430E-04  0.000000E+00  1.351449E-08  4.499259E-03  0.000000E+00  0.000000E+00  4.475024E-03
   141 1.225927E+00 1.807692E+01     2  1.649952E+02 -3.100699E-04 -3.063449E-06  0.000000E+00  3.217546E-04  0.000000E+00  1.351449E-08  4.821014E-03  0.000000E+00  0.000000E+00  4.793347E-03
   142 1.348519E+00 1.942544E+01     2  1.649949E+02 -3.383447E-04 -3.243230E-06  0.000000E+00  3.532169E-04  0.000000E+00  1.351449E-08  5.174230E-03  0.000000E+00  0.000000E+00  5.142194E-03
   143 1.348519E+00 2.077395E+01     2  1.649945E+02 -3.332528E-04 -3.728207E-06  0.000000E+00  3.523259E-04  0.000000E+00  1.351449E-08  5.526556E-03  0.000000E+00  0.000000E+00  5.489687E-03
   144 1.483371E+00 2.225733E+01     2  1.649941E+02 -3.637265E-04 -3.846745E-06  0.000000E+00  3.868247E-04  0.000000E+00  1.351449E-08  5.913381E-03  0.000000E+00  0.000000E+00  5.870594E-03
   145 1.483371E+00 2.374070E+01     2  1.649937E+02 -3.576961E-04 -3.914238E-06  0.000000E+00  3.858996E-04  0.000000E+00  1.351449E-08  6.299281E-03  0.000000E+00  0.000000E+00  6.249683E-03
   146 1.483371E+00 2.522407E+01     2  1.649934E+02 -3.501906E-04 -4.514148E-06  0.000000E+00  3.849375E-04  0.000000E+00  1.351449E-08  6.684218E-03  0.000000E+00  0.000000E+00  6.627299E-03
   147 1.631709E+00 2.685578E+01     2  1.649929E+02 -3.810789E-04 -4.740831E-06  0.000000E+00  4.225414E-04  0.000000E+00  1.351449E-08  7.106760E-03  0.000000E+00  0.000000E+00  7.041484E-03
   148 1.794879E+00 2.865066E+01     2  1.649925E+02 -4.160060E-04 -5.001060E-06  0.000000E+00  4.638016E-04  0.000000E+00  1.351449E-08  7.570561E-03  0.000000E+00  0.000000E+00  7.495540E-03
   149 1.794879E+00 3.044554E+01     2  1.649920E+02 -4.072773E-04 -5.357863E-06  0.000000E+00  4.627075E-04  0.000000E+00  1.351449E-08  8.033269E-03  0.000000E+00  0.000000E+00  7.947427E-03
   150 1.974367E+00 3.241990E+01     2  1.649915E+02 -4.435035E-04 -6.238418E-06  0.000000E+00  5.077042E-04  0.000000E+00  1.351449E-08  8.540973E-03  0.000000E+00  0.000000E+00  8.442125E-03
   151 2.171804E+00 3.459171E+01     2  1.649910E+02 -4.827249E-04 -6.750930E-06  0.000000E+00  5.571132E-04  0.000000E+00  1.351449E-08  9.098086E-03  0.000000E+00  0.000000E+00  8.983700E-03
   152 2.388985E+00 3.698069E+01     2  1.649904E+02 -5.255410E-04 -7.103687E-06  0.000000E+00  6.112764E-04  0.000000E+00  1.351449E-08  9.709362E-03  0.000000E+00  0.000000E+00  9.576258E-03
   153 2.627883E+00 3.960858E+01     2  1.649897E+02 -5.735774E-04 -7.392116E-06  0.000000E+00  6.706745E-04  0.000000E+00  1.351449E-08  1.038004E-02  0.000000E+00  0.000000E+00  1.022442E-02
   154 2.890671E+00 4.249925E+01     2  1.649890E+02 -6.254468E-04 -8.923111E-06  0.000000E+00  7.356368E-04  0.000000E+00  1.351449E-08  1.111567E-02  0.000000E+00  0.000000E+00  1.093270E-02
   155 3.179738E+00 4.567899E+01     2  1.649882E+02 -6.831253E-04 -9.762274E-06  0.000000E+00  8.070309E-04  0.000000E+00  1.351449E-08  1.192270E-02  0.000000E+00  0.000000E+00  1.170645E-02
   156 3.497712E+00 4.917670E+01     2  1.649873E+02 -7.469108E-04 -9.569041E-06  0.000000E+00  8.855432E-04  0.000000E+00  1.351449E-08  1.280825E-02  0.000000E+00  0.000000E+00  1.254968E-02
   157 3.497712E+00 5.267441E+01     2  1.649864E+02 -7.226268E-04 -1.112052E-05  0.000000E+00  8.824057E-04  0.000000E+00  1.351449E-08  1.369065E-02  0.000000E+00  0.000000E+00  1.338488E-02
   158 3.497712E+00 5.617212E+01     2  1.649855E+02 -6.991287E-04 -1.293241E-05  0.000000E+00  8.804208E-04  0.000000E+00  1.351449E-08  1.457107E-02  0.000000E+00  0.000000E+00  1.421513E-02
   159 3.847483E+00 6.001961E+01     2  1.649846E+02 -7.630373E-04 -1.427930E-05  0.000000E+00  9.661283E-04  0.000000E+00  1.351449E-08  1.553720E-02  0.000000E+00  0.000000E+00  1.512054E-02
   160 4.232232E+00 6.425184E+01     2  1.649835E+02 -8.343101E-04 -1.370075E-05  0.000000E+00  1.060511E-03  0.000000E+00  1.351449E-08  1.659771E-02  0.000000E+00  0.000000E+00  1.610565E-02
   161 4.232232E+00 6.848407E+01     2  1.649825E+02 -8.007672E-04 -1.609542E-05  0.000000E+00  1.057214E-03  0.000000E+00  1.351449E-08  1.765493E-02  0.000000E+00  0.000000E+00  1.707899E-02
   162 4.232232E+00 7.271630E+01     2  1.649814E+02 -7.709993E-04 -1.544468E-05  0.000000E+00  1.055009E-03  0.000000E+00  1.351449E-08  1.870994E-02  0.000000E+00  0.000000E+00  1.804394E-02
   163 4.655455E+00 7.737176E+01     2  1.649803E+02 -8.445708E-04 -1.808621E-05  0.000000E+00  1.157801E-03  0.000000E+00  1.351449E-08  1.986774E-02  0.000000E+00  0.000000E+00  1.909237E-02
   164 5.121001E+00 8.249276E+01     2  1.649790E+02 -9.267219E-04 -1.845437E-05  0.000000E+00  1.270791E-03  0.000000E+00  1.351449E-08  2.113853E-02  0.000000E+00  0.000000E+00  2.023101E-02
   165 5.121001E+00 8.761376E+01     2  1.649778E+02 -8.901527E-04 -2.065372E-05  0.000000E+00  1.268019E-03  0.000000E+00  1.351449E-08  2.240655E-02  0.000000E+00  0.000000E+00  2.135409E-02
   166 5.633101E+00 9.324686E+01     2  1.649764E+02 -9.804876E-04 -2.268086E-05  0.000000E+00  1.392194E-03  0.000000E+00  1.351449E-08  2.379874E-02  0.000000E+00  0.000000E+00  2.257043E-02
   167 6.196411E+00 9.944327E+01     2  1.649749E+02 -1.082796E-03 -2.429179E-05  0.000000E+00  1.528400E-03  0.000000E+00  1.351449E-08  2.532714E-02  0.000000E+00  0.000000E+00  2.388473E-02
   168 6.816052E+00 1.062593E+02     2  1.649732E+02 -1.196760E-03 -2.482253E-05  0.000000E+00  1.677822E-03  0.000000E+00  1.351449E-08  2.700496E-02  0.000000E+00  0.000000E+00  2.529807E-02
   169 7.497657E+00 1.137570E+02     2  1.649714E+02 -1.309956E-03 -2.758918E-05  0.000000E+00  1.840814E-03  0.000000E+00  1.351449E-08  2.884578E-02  0.000000E+00  0.000000E+00  2.681228E-02
   170 8.247423E+00 1.220044E+02     2  1.649694E+02 -1.445415E-03 -2.763284E-05  0.000000E+00  2.020621E-03  0.000000E+00  1.351449E-08  3.086640E-02  0.000000E+00  0.000000E+00  2.843983E-02
   171 8.247423E+00 1.302518E+02     2  1.649674E+02 -1.383717E-03 -3.434538E-05  0.000000E+00  2.015290E-03  0.000000E+00  1.351449E-08  3.288169E-02  0.000000E+00  0.000000E+00  3.002729E-02
   172 9.072165E+00 1.393240E+02     2  1.649652E+02 -1.531090E-03 -3.462800E-05  0.000000E+00  2.211409E-03  0.000000E+00  1.351449E-08  3.509310E-02  0.000000E+00  0.000000E+00  3.173140E-02
   173 9.072165E+00 1.483962E+02     2  1.649630E+02 -1.464822E-03 -4.157712E-05  0.000000E+00  2.205725E-03  0.000000E+00  1.351449E-08  3.729882E-02  0.000000E+00  0.000000E+00  3.338706E-02
   174 9.979381E+00 1.583755E+02     2  1.649606E+02 -1.620620E-03 -4.364994E-05  0.000000E+00  2.419973E-03  0.000000E+00  1.351449E-08  3.971880E-02  0.000000E+00  0.000000E+00  3.515598E-02
   175 9.979381E+00 1.683549E+02     2  1.649583E+02 -1.556905E-03 -4.634576E-05  0.000000E+00  2.413889E-03  0.000000E+00  1.351449E-08  4.213268E-02  0.000000E+00  0.000000E+00  3.686860E-02
   176 1.000000E+01 1.783549E+02     2  1.649559E+02 -1.499037E-03 -4.939909E-05  0.000000E+00  2.412993E-03  0.000000E+00  1.351449E-08  4.454568E-02  0.000000E+00  0.000000E+00  3.852247E-02
   177 1.000000E+01 1.883549E+02     2  1.649535E+02 -1.438150E-03 -4.308239E-05  0.000000E+00  2.406869E-03  0.000000E+00  1.351449E-08  4.695255E-02  0.000000E+00  0.000000E+00  4.011048E-02
   178 1.000000E+01 1.983549E+02     2  1.649512E+02 -1.373390E-03 -4.985674E-05  0.000000E+00  2.399935E-03  0.000000E+00  1.351449E-08  4.935248E-02  0.000000E+00  0.000000E+00  4.163704E-02
   179 1.000000E+01 2.083549E+02     2  1.649488E+02 -1.316821E-03 -4.964663E-05  0.000000E+00  2.393651E-03  0.000000E+00  1.351449E-08  5.174613E-02  0.000000E+00  0.000000E+00  4.310974E-02
   180 1.000000E+01 2.183549E+02     2  1.649465E+02 -1.255685E-03 -5.404403E-05  0.000000E+00  2.387492E-03  0.000000E+00  1.351449E-08  5.413363E-02  0.000000E+00  0.000000E+00  4.452572E-02
   181 1.000000E+01 2.283549E+02     2  1.649441E+02 -1.200151E-03 -5.319968E-05  0.000000E+00  2.381901E-03  0.000000E+00  1.351449E-08  5.651553E-02  0.000000E+00  0.000000E+00  4.588663E-02
   182 1.000000E+01 2.383549E+02     2  1.649418E+02 -1.140481E-03 -5.258978E-05  0.000000E+00  2.375059E-03  0.000000E+00  1.351449E-08  5.889059E-02  0.000000E+00  0.000000E+00  4.718591E-02
   183 1.000000E+01 2.483549E+02     2  1.649395E+02 -1.065696E-03 -6.129290E-05  0.000000E+00  2.367500E-03  0.000000E+00  1.351449E-08  6.125809E-02  0.000000E+00  0.000000E+00  4.843101E-02
   184 1.000000E+01 2.583549E+02     2  1.649371E+02 -1.001858E-03 -5.839329E-05  0.000000E+00  2.360815E-03  0.000000E+00  1.351449E-08  6.361890E-02  0.000000E+00  0.000000E+00  4.963338E-02
   185 1.000000E+01 2.683549E+02     2  1.649348E+02 -9.274028E-04 -5.994921E-05  0.000000E+00  2.353688E-03  0.000000E+00  1.351449E-08  6.597259E-02  0.000000E+00  0.000000E+00  5.077926E-02
   186 1.000000E+01 2.783549E+02     2  1.649325E+02 -8.581301E-04 -5.761843E-05  0.000000E+00  2.346590E-03  0.000000E+00  1.351449E-08  6.831918E-02  0.000000E+00  0.000000E+00  5.187849E-02
   187 1.000000E+01 2.883549E+02     2  1.649303E+02 -7.716065E-04 -6.551115E-05  0.000000E+00  2.338836E-03  0.000000E+00  1.351449E-08  7.065802E-02  0.000000E+00  0.000000E+00  5.292990E-02
   188 1.000000E+01 2.983549E+02     2  1.649280E+02 -6.901416E-04 -6.640760E-05  0.000000E+00  2.331783E-03  0.000000E+00  1.351449E-08  7.298980E-02  0.000000E+00  0.000000E+00  5.394499E-02
   189 1.000000E+01 3.083549E+02     2  1.649257E+02 -6.098324E-04 -6.419614E-05  0.000000E+00  2.324573E-03  0.000000E+00  1.351449E-08  7.531437E-02  0.000000E+00  0.000000E+00  5.491297E-02
   190 1.000000E+01 3.183549E+02     2  1.649235E+02 -5.259785E-04 -6.583040E-05  0.000000E+00  2.317336E-03  0.000000E+00  1.351449E-08  7.763171E-02  0.000000E+00  0.000000E+00  5.584374E-02
   191 1.000000E+01 3.283549E+02     2  1.649212E+02 -4.355845E-04 -6.710067E-05  0.000000E+00  2.310124E-03  0.000000E+00  1.351449E-08  7.994183E-02  0.000000E+00  0.000000E+00  5.673703E-02
   192 1.000000E+01 3.383549E+02     2  1.649190E+02 -3.449122E-04 -6.646759E-05  0.000000E+00  2.303166E-03  0.000000E+00  1.351449E-08  8.224500E-02  0.000000E+00  0.000000E+00  5.759514E-02
   193 1.000000E+01 3.483549E+02     2  1.649167E+02 -2.493695E-04 -6.603991E-05  0.000000E+00  2.296577E-03  0.000000E+00  1.351449E-08  8.454157E-02  0.000000E+00  0.000000E+00  5.842319E-02
   194 1.000000E+01 3.583549E+02     2  1.649145E+02 -1.481261E-04 -5.865331E-05  0.000000E+00  2.290388E-03  0.000000E+00  1.351449E-08  8.683196E-02  0.000000E+00  0.000000E+00  5.922198E-02
   195 1.000000E+01 3.683549E+02     2  1.649123E+02 -6.498094E-05 -5.734569E-05  0.000000E+00  2.283979E-03  0.000000E+00  1.351449E-08  8.911594E-02  0.000000E+00  0.000000E+00  5.999160E-02
   196 1.000000E+01 3.783549E+02     2  1.649100E+02  2.648828E-05 -6.232347E-05  0.000000E+00  2.278415E-03  0.000000E+00  1.351449E-08  9.139436E-02  0.000000E+00  0.000000E+00  6.073128E-02
   197 1.000000E+01 3.883549E+02     2  1.649078E+02  1.137866E-04 -6.261327E-05  0.000000E+00  2.273430E-03  0.000000E+00  1.351449E-08  9.366779E-02  0.000000E+00  0.000000E+00  6.144688E-02
   198 1.000000E+01 3.983549E+02     2  1.649056E+02  1.976524E-04 -6.033457E-05  0.000000E+00  2.268678E-03  0.000000E+00  1.351449E-08  9.593646E-02  0.000000E+00  0.000000E+00  6.213466E-02
   199 1.000000E+01 4.083549E+02     2  1.649034E+02  2.800070E-04 -5.897041E-05  0.000000E+00  2.263584E-03  0.000000E+00  1.351449E-08  9.820005E-02  0.000000E+00  0.000000E+00  6.280056E-02
   200 1.000000E+01 4.183549E+02     2  1.649012E+02  3.694175E-04 -6.407471E-05  0.000000E+00  2.259404E-03  0.000000E+00  1.351449E-08  1.004595E-01  0.000000E+00  0.000000E+00  6.344048E-02
   201 1.000000E+01 4.283549E+02     2  1.648990E+02  4.533290E-04 -6.392545E-05  0.000000E+00  2.255590E-03  0.000000E+00  1.351449E-08  1.027150E-01  0.000000E+00  0.000000E+00  6.406062E-02
   202 1.000000E+01 4.383549E+02     2  1.648968E+02  5.377680E-04 -6.551989E-05  0.000000E+00  2.251647E-03  0.000000E+00  1.351449E-08  1.049667E-01  0.000000E+00  0.000000E+00  6.465960E-02
   203 1.000000E+01 4.483549E+02     2  1.648946E+02  6.163989E-04 -6.017929E-05  0.000000E+00  2.246802E-03  0.000000E+00  1.351449E-08  1.072135E-01  0.000000E+00  0.000000E+00  6.523267E-02
   204 1.000000E+01 4.583549E+02     2  1.648924E+02  7.108312E-04 -6.892538E-05  0.000000E+00  2.242863E-03  0.000000E+00  1.351449E-08  1.094564E-01  0.000000E+00  0.000000E+00  6.578057E-02
   205 1.000000E+01 4.683549E+02     2  1.648902E+02  7.892151E-04 -6.106278E-05  0.000000E+00  2.238418E-03  0.000000E+00  1.351449E-08  1.116948E-01  0.000000E+00  0.000000E+00  6.631388E-02
   206 1.000000E+01 4.783549E+02     2  1.648880E+02  8.834913E-04 -6.656063E-05  0.000000E+00  2.234433E-03  0.000000E+00  1.351449E-08  1.139292E-01  0.000000E+00  0.000000E+00  6.681821E-02
   207 1.000000E+01 4.883549E+02     2  1.648858E+02  9.645569E-04 -6.310041E-05  0.000000E+00  2.230806E-03  0.000000E+00  1.351449E-08  1.161600E-01  0.000000E+00  0.000000E+00  6.731838E-02
   208 1.000000E+01 4.983549E+02     2  1.648837E+02  1.058075E-03 -6.916542E-05  0.000000E+00  2.227163E-03  0.000000E+00  1.351449E-08  1.183872E-01  0.000000E+00  0.000000E+00  6.779625E-02
   209 1.000000E+01 5.083549E+02     2  1.648815E+02  1.146391E-03 -7.031640E-05  0.000000E+00  2.224353E-03  0.000000E+00  1.351449E-08  1.206115E-01  0.000000E+00  0.000000E+00  6.826226E-02
   210 1.000000E+01 5.183549E+02     2  1.648793E+02  1.235362E-03 -7.164872E-05  0.000000E+00  2.221334E-03  0.000000E+00  1.351449E-08  1.228329E-01  0.000000E+00  0.000000E+00  6.871026E-02
   211 1.000000E+01 5.283549E+02     2  1.648772E+02  1.320913E-03 -6.905310E-05  0.000000E+00  2.217801E-03  0.000000E+00  1.351449E-08  1.250507E-01  0.000000E+00  0.000000E+00  6.913900E-02
   212 1.000000E+01 5.383549E+02     2  1.648750E+02  1.412104E-03 -7.199192E-05  0.000000E+00  2.214905E-03  0.000000E+00  1.351449E-08  1.272656E-01  0.000000E+00  0.000000E+00  6.954745E-02
   213 1.000000E+01 5.483549E+02     2  1.648729E+02  1.499021E-03 -7.292520E-05  0.000000E+00  2.212101E-03  0.000000E+00  1.351449E-08  1.294777E-01  0.000000E+00  0.000000E+00  6.994664E-02
   214 1.000000E+01 5.583549E+02     2  1.648707E+02  1.585460E-03 -7.344751E-05  0.000000E+00  2.209203E-03  0.000000E+00  1.351449E-08  1.316869E-01  0.000000E+00  0.000000E+00  7.032981E-02
   215 1.000000E+01 5.683549E+02     2  1.648686E+02  1.669740E-03 -7.285295E-05  0.000000E+00  2.206242E-03  0.000000E+00  1.351449E-08  1.338931E-01  0.000000E+00  0.000000E+00  7.069569E-02
   216 1.000000E+01 5.783549E+02     2  1.648664E+02  1.740831E-03 -5.934563E-05  0.000000E+00  2.201511E-03  0.000000E+00  1.351449E-08  1.360946E-01  0.000000E+00  0.000000E+00  7.104214E-02
   217 1.000000E+01 5.883549E+02     2  1.648643E+02  1.846407E-03 -7.491909E-05  0.000000E+00  2.197807E-03  0.000000E+00  1.351449E-08  1.382924E-01  0.000000E+00  0.000000E+00  7.136338E-02
   218 1.000000E+01 5.983549E+02     2  1.648622E+02  1.934324E-03 -7.503692E-05  0.000000E+00  2.195540E-03  0.000000E+00  1.351449E-08  1.404880E-01  0.000000E+00  0.000000E+00  7.169168E-02
   219 1.000000E+01 6.083549E+02     2  1.648600E+02  2.017475E-03 -6.904937E-05  0.000000E+00  2.192395E-03  0.000000E+00  1.351449E-08  1.426804E-01  0.000000E+00  0.000000E+00  7.200453E-02
   220 1.000000E+01 6.183549E+02     2  1.648579E+02  2.110062E-03 -7.402498E-05  0.000000E+00  2.189386E-03  0.000000E+00  1.351449E-08  1.448698E-01  0.000000E+00  0.000000E+00  7.230273E-02
   221 1.000000E+01 6.283549E+02     2  1.648558E+02  2.197509E-03 -7.231649E-05  0.000000E+00  2.186233E-03  0.000000E+00  1.351449E-08  1.470560E-01  0.000000E+00  0.000000E+00  7.258929E-02
   222 1.000000E+01 6.383549E+02     2  1.648537E+02  2.286035E-03 -7.314991E-05  0.000000E+00  2.182948E-03  0.000000E+00  1.351449E-08  1.492389E-01  0.000000E+00  0.000000E+00  7.286703E-02
   223 1.000000E+01 6.483549E+02     2  1.648515E+02  2.379328E-03 -7.135258E-05  0.000000E+00  2.179696E-03  0.000000E+00  1.351449E-08  1.514186E-01  0.000000E+00  0.000000E+00  7.312990E-02
   224 1.000000E+01 6.583549E+02     2  1.648494E+02  2.462599E-03 -6.935508E-05  0.000000E+00  2.176396E-03  0.000000E+00  1.351449E-08  1.535950E-01  0.000000E+00  0.000000E+00  7.338059E-02
   225 1.000000E+01 6.683549E+02     2  1.648473E+02  2.538334E-03 -6.166656E-05  0.000000E+00  2.172284E-03  0.000000E+00  1.351449E-08  1.557673E-01  0.000000E+00  0.000000E+00  7.362158E-02
   226 1.000000E+01 6.783549E+02     2  1.648452E+02  2.626162E-03 -6.349145E-05  0.000000E+00  2.168209E-03  0.000000E+00  1.351449E-08  1.579355E-01  0.000000E+00  0.000000E+00  7.383844E-02
   227 1.000000E+01 6.883549E+02     2  1.648431E+02  2.713753E-03 -6.129909E-05  0.000000E+00  2.164212E-03  0.000000E+00  1.351449E-08  1.600997E-01  0.000000E+00  0.000000E+00  7.405612E-02
   228 1.000000E+01 6.983549E+02     2  1.648410E+02  2.794740E-03 -6.013769E-05  0.000000E+00  2.161108E-03  0.000000E+00  1.351449E-08  1.622608E-01  0.000000E+00  0.000000E+00  7.426937E-02
   229 1.000000E+01 7.083549E+02     2  1.648389E+02  2.873024E-03 -6.086758E-05  0.000000E+00  2.157818E-03  0.000000E+00  1.351449E-08  1.644187E-01  0.000000E+00  0.000000E+00  7.447732E-02
   230 1.000000E+01 7.183549E+02     2  1.648368E+02  2.952728E-03 -6.189381E-05  0.000000E+00  2.154471E-03  0.000000E+00  1.351449E-08  1.665731E-01  0.000000E+00  0.000000E+00  7.467517E-02
   231 1.000000E+01 7.283549E+02     2  1.648347E+02  3.029894E-03 -5.992474E-05  0.000000E+00  2.151072E-03  0.000000E+00  1.351449E-08  1.687242E-01  0.000000E+00  0.000000E+00  7.485946E-02
   232 1.000000E+01 7.383549E+02     2  1.648326E+02  3.102097E-03 -5.487598E-05  0.000000E+00  2.147052E-03  0.000000E+00  1.351449E-08  1.708713E-01  0.000000E+00  0.000000E+00  7.503550E-02
   233 1.000000E+01 7.483549E+02     2  1.648305E+02  3.183717E-03 -5.939897E-05  0.000000E+00  2.143550E-03  0.000000E+00  1.351449E-08  1.730148E-01  0.000000E+00  0.000000E+00  7.520235E-02
   234 1.000000E+01 7.583549E+02     2  1.648284E+02  3.261043E-03 -6.025643E-05  0.000000E+00  2.140347E-03  0.000000E+00  1.351449E-08  1.751551E-01  0.000000E+00  0.000000E+00  7.536635E-02
   235 1.000000E+01 7.683549E+02     2  1.648263E+02  3.339342E-03 -6.105253E-05  0.000000E+00  2.137040E-03  0.000000E+00  1.351449E-08  1.772922E-01  0.000000E+00  0.000000E+00  7.552173E-02
   236 1.000000E+01 7.783549E+02     2  1.648242E+02  3.418457E-03 -6.210212E-05  0.000000E+00  2.133715E-03  0.000000E+00  1.351449E-08  1.794259E-01  0.000000E+00  0.000000E+00  7.566873E-02
   237 1.000000E+01 7.883549E+02     2  1.648221E+02  3.497974E-03 -6.286382E-05  0.000000E+00  2.130368E-03  0.000000E+00  1.351449E-08  1.815563E-01  0.000000E+00  0.000000E+00  7.580761E-02
   238 1.000000E+01 7.983549E+02     2  1.648200E+02  3.577864E-03 -6.367843E-05  0.000000E+00  2.127045E-03  0.000000E+00  1.351449E-08  1.836833E-01  0.000000E+00  0.000000E+00  7.593874E-02
   239 1.000000E+01 8.083549E+02     2  1.648180E+02  3.654762E-03 -6.045039E-05  0.000000E+00  2.123174E-03  0.000000E+00  1.351449E-08  1.858065E-01  0.000000E+00  0.000000E+00  7.606063E-02
   240 1.000000E+01 8.183549E+02     2  1.648159E+02  3.739354E-03 -6.390606E-05  0.000000E+00  2.119959E-03  0.000000E+00  1.351449E-08  1.879265E-01  0.000000E+00  0.000000E+00  7.617294E-02
   241 1.000000E+01 8.283549E+02     2  1.648138E+02  3.824009E-03 -6.258651E-05  0.000000E+00  2.116970E-03  0.000000E+00  1.351449E-08  1.900434E-01  0.000000E+00  0.000000E+00  7.628096E-02
   242 1.000000E+01 8.383549E+02     2  1.648118E+02  3.903448E-03 -6.322606E-05  0.000000E+00  2.113873E-03  0.000000E+00  1.351449E-08  1.921573E-01  0.000000E+00  0.000000E+00  7.638521E-02
   243 1.000000E+01 8.483549E+02     2  1.648097E+02  3.976417E-03 -5.838347E-05  0.000000E+00  2.110783E-03  0.000000E+00  1.351449E-08  1.942681E-01  0.000000E+00  0.000000E+00  7.647517E-02
   244 1.000000E+01 8.583549E+02     2  1.648077E+02  4.050334E-03 -5.963008E-05  0.000000E+00  2.107744E-03  0.000000E+00  1.351449E-08  1.963758E-01  0.000000E+00  0.000000E+00  7.656908E-02
   245 1.000000E+01 8.683549E+02     2  1.648056E+02  4.124155E-03 -6.067321E-05  0.000000E+00  2.104734E-03  0.000000E+00  1.351449E-08  1.984806E-01  0.000000E+00  0.000000E+00  7.665696E-02
   246 1.000000E+01 8.783549E+02     2  1.648035E+02  4.198017E-03 -6.185612E-05  0.000000E+00  2.101817E-03  0.000000E+00  1.351449E-08  2.005824E-01  0.000000E+00  0.000000E+00  7.673903E-02
   247 1.000000E+01 8.883549E+02     2  1.648015E+02  4.271984E-03 -6.307733E-05  0.000000E+00  2.098946E-03  0.000000E+00  1.351449E-08  2.026813E-01  0.000000E+00  0.000000E+00  7.681546E-02
   248 1.000000E+01 8.983549E+02     2  1.647994E+02  4.341474E-03 -5.926220E-05  0.000000E+00  2.095664E-03  0.000000E+00  1.351449E-08  2.047770E-01  0.000000E+00  0.000000E+00  7.688410E-02
   249 1.000000E+01 9.083549E+02     2  1.647974E+02  4.422428E-03 -6.540532E-05  0.000000E+00  2.092763E-03  0.000000E+00  1.351449E-08  2.068697E-01  0.000000E+00  0.000000E+00  7.694403E-02
   250 1.000000E+01 9.183549E+02     2  1.647954E+02  4.502738E-03 -6.376070E-05  0.000000E+00  2.090293E-03  0.000000E+00  1.351449E-08  2.089600E-01  0.000000E+00  0.000000E+00  7.700309E-02
   251 1.000000E+01 9.283549E+02     2  1.647933E+02  4.576060E-03 -6.491583E-05  0.000000E+00  2.087654E-03  0.000000E+00  1.351449E-08  2.110477E-01  0.000000E+00  0.000000E+00  7.706090E-02
   252 1.000000E+01 9.383549E+02     2  1.647913E+02  4.640701E-03 -5.597996E-05  0.000000E+00  2.083823E-03  0.000000E+00  1.351449E-08  2.131315E-01  0.000000E+00  0.000000E+00  7.710927E-02
   253 1.000000E+01 9.483549E+02     2  1.647892E+02  4.728505E-03 -6.785751E-05  0.000000E+00  2.081092E-03  0.000000E+00  1.351449E-08  2.152126E-01  0.000000E+00  0.000000E+00  7.714631E-02
   254 1.000000E+01 9.583549E+02     2  1.647872E+02  4.802095E-03 -6.426926E-05  0.000000E+00  2.078077E-03  0.000000E+00  1.351449E-08  2.172907E-01  0.000000E+00  0.000000E+00  7.719064E-02
   255 1.000000E+01 9.683549E+02     2  1.647852E+02  4.878716E-03 -6.192493E-05  0.000000E+00  2.074956E-03  0.000000E+00  1.351449E-08  2.193656E-01  0.000000E+00  0.000000E+00  7.722299E-02
   256 1.000000E+01 9.783549E+02     2  1.647832E+02  4.966590E-03 -6.893935E-05  0.000000E+00  2.072104E-03  0.000000E+00  1.351449E-08  2.214377E-01  0.000000E+00  0.000000E+00  7.725448E-02
   257 1.000000E+01 9.883549E+02     2  1.647812E+02  5.048571E-03 -6.978873E-05  0.000000E+00  2.069641E-03  0.000000E+00  1.351449E-08  2.235074E-01  0.000000E+00  0.000000E+00  7.729060E-02
   258 1.000000E+01 9.983549E+02     2  1.647792E+02  5.132415E-03 -7.081885E-05  0.000000E+00  2.066920E-03  0.000000E+00  1.351449E-08  2.255743E-01  0.000000E+00  0.000000E+00  7.732222E-02
   259 1.000000E+01 1.008355E+03     2  1.647772E+02  5.213131E-03 -6.760372E-05  0.000000E+00  2.064214E-03  0.000000E+00  1.351449E-08  2.276385E-01  0.000000E+00  0.000000E+00  7.734783E-02
   260 1.000000E+01 1.018355E+03     2  1.647752E+02  5.301910E-03 -6.851716E-05  0.000000E+00  2.060327E-03  0.000000E+00  1.351449E-08  2.296988E-01  0.000000E+00  0.000000E+00  7.736411E-02
   261 1.000000E+01 1.028355E+03     2  1.647732E+02  5.396417E-03 -7.350906E-05  0.000000E+00  2.057459E-03  0.000000E+00  1.351449E-08  2.317563E-01  0.000000E+00  0.000000E+00  7.737968E-02
   262 1.000000E+01 1.038355E+03     2  1.647712E+02  5.483209E-03 -6.905477E-05  0.000000E+00  2.054332E-03  0.000000E+00  1.351449E-08  2.338106E-01  0.000000E+00  0.000000E+00  7.739647E-02
   263 1.000000E+01 1.048355E+03     2  1.647692E+02  5.579614E-03 -7.376149E-05  0.000000E+00  2.051564E-03  0.000000E+00  1.351449E-08  2.358622E-01  0.000000E+00  0.000000E+00  7.740619E-02
   264 1.000000E+01 1.058355E+03     2  1.647672E+02  5.674053E-03 -7.372760E-05  0.000000E+00  2.048748E-03  0.000000E+00  1.351449E-08  2.379109E-01  0.000000E+00  0.000000E+00  7.741642E-02
   265 1.000000E+01 1.068355E+03     2  1.647652E+02  5.762616E-03 -6.541641E-05  0.000000E+00  2.044505E-03  0.000000E+00  1.351449E-08  2.399555E-01  0.000000E+00  0.000000E+00  7.741839E-02
   266 1.000000E+01 1.078355E+03     2  1.647632E+02  5.870756E-03 -7.429866E-05  0.000000E+00  2.041599E-03  0.000000E+00  1.351449E-08  2.419971E-01  0.000000E+00  0.000000E+00  7.741152E-02
   267 1.000000E+01 1.088355E+03     2  1.647613E+02  5.970512E-03 -7.367749E-05  0.000000E+00  2.038927E-03  0.000000E+00  1.351449E-08  2.440360E-01  0.000000E+00  0.000000E+00  7.741219E-02
   268 1.000000E+01 1.098355E+03     2  1.647593E+02  6.071836E-03 -7.322102E-05  0.000000E+00  2.035966E-03  0.000000E+00  1.351449E-08  2.460719E-01  0.000000E+00  0.000000E+00  7.740884E-02
   269 1.000000E+01 1.108355E+03     2  1.647573E+02  6.173845E-03 -7.279320E-05  0.000000E+00  2.032994E-03  0.000000E+00  1.351449E-08  2.481049E-01  0.000000E+00  0.000000E+00  7.740162E-02
   270 1.000000E+01 1.118355E+03     2  1.647554E+02  6.275896E-03 -7.203086E-05  0.000000E+00  2.030041E-03  0.000000E+00  1.351449E-08  2.501350E-01  0.000000E+00  0.000000E+00  7.739067E-02
   271 1.000000E+01 1.128355E+03     2  1.647534E+02  6.384562E-03 -6.170875E-05  0.000000E+00  2.027198E-03  0.000000E+00  1.351449E-08  2.521622E-01  0.000000E+00  0.000000E+00  7.736105E-02
   272 1.000000E+01 1.138355E+03     2  1.647514E+02  6.470133E-03 -5.660632E-05  0.000000E+00  2.024403E-03  0.000000E+00  1.351449E-08  2.541866E-01  0.000000E+00  0.000000E+00  7.734727E-02
   273 1.000000E+01 1.148355E+03     2  1.647494E+02  6.547773E-03 -4.853213E-05  0.000000E+00  2.020807E-03  0.000000E+00  1.351449E-08  2.562074E-01  0.000000E+00  0.000000E+00  7.732774E-02
   274 1.000000E+01 1.158355E+03     2  1.647475E+02  6.644839E-03 -5.776641E-05  0.000000E+00  2.018148E-03  0.000000E+00  1.351449E-08  2.582255E-01  0.000000E+00  0.000000E+00  7.729974E-02
   275 1.000000E+01 1.168355E+03     2  1.647455E+02  6.732508E-03 -5.766831E-05  0.000000E+00  2.015725E-03  0.000000E+00  1.351449E-08  2.602413E-01  0.000000E+00  0.000000E+00  7.728012E-02
   276 1.000000E+01 1.178355E+03     2  1.647435E+02  6.821058E-03 -5.775266E-05  0.000000E+00  2.013200E-03  0.000000E+00  1.351449E-08  2.622545E-01  0.000000E+00  0.000000E+00  7.725766E-02
   277 1.000000E+01 1.188355E+03     2  1.647416E+02  6.909609E-03 -5.751850E-05  0.000000E+00  2.010677E-03  0.000000E+00  1.351449E-08  2.642651E-01  0.000000E+00  0.000000E+00  7.723250E-02
   278 1.000000E+01 1.198355E+03     2  1.647396E+02  6.997851E-03 -5.725596E-05  0.000000E+00  2.008155E-03  0.000000E+00  1.351449E-08  2.662733E-01  0.000000E+00  0.000000E+00  7.720473E-02
   279 1.000000E+01 1.208355E+03     2  1.647376E+02  7.083477E-03 -5.527311E-05  0.000000E+00  2.005679E-03  0.000000E+00  1.351449E-08  2.682790E-01  0.000000E+00  0.000000E+00  7.717174E-02
   280 1.000000E+01 1.218355E+03     2  1.647357E+02  7.169201E-03 -5.547719E-05  0.000000E+00  2.003237E-03  0.000000E+00  1.351449E-08  2.702822E-01  0.000000E+00  0.000000E+00  7.714007E-02
   281 1.000000E+01 1.228355E+03     2  1.647337E+02  7.270914E-03 -5.176522E-05  0.000000E+00  2.001027E-03  0.000000E+00  1.351449E-08  2.722832E-01  0.000000E+00  0.000000E+00  7.709701E-02
   282 1.000000E+01 1.238355E+03     2  1.647318E+02  7.356506E-03 -5.012605E-05  0.000000E+00  1.998748E-03  0.000000E+00  1.351449E-08  2.742820E-01  0.000000E+00  0.000000E+00  7.705944E-02
   283 1.000000E+01 1.248355E+03     2  1.647298E+02  7.432061E-03 -4.816935E-05  0.000000E+00  1.996524E-03  0.000000E+00  1.351449E-08  2.762785E-01  0.000000E+00  0.000000E+00  7.702021E-02
   284 1.000000E+01 1.258355E+03     2  1.647279E+02  7.507289E-03 -4.883697E-05  0.000000E+00  1.994369E-03  0.000000E+00  1.351449E-08  2.782729E-01  0.000000E+00  0.000000E+00  7.698306E-02
   285 1.000000E+01 1.268355E+03     2  1.647259E+02  7.582043E-03 -4.946443E-05  0.000000E+00  1.992283E-03  0.000000E+00  1.351449E-08  2.802652E-01  0.000000E+00  0.000000E+00  7.694422E-02
   286 1.000000E+01 1.278355E+03     2  1.647240E+02  7.656512E-03 -5.021270E-05  0.000000E+00  1.990258E-03  0.000000E+00  1.351449E-08  2.822554E-01  0.000000E+00  0.000000E+00  7.690377E-02
   287 1.000000E+01 1.288355E+03     2  1.647220E+02  7.729634E-03 -4.999838E-05  0.000000E+00  1.988292E-03  0.000000E+00  1.351449E-08  2.842437E-01  0.000000E+00  0.000000E+00  7.686184E-02
   288 1.000000E+01 1.298355E+03     2  1.647201E+02  7.797996E-03 -4.577556E-05  0.000000E+00  1.985867E-03  0.000000E+00  1.351449E-08  2.862296E-01  0.000000E+00  0.000000E+00  7.681639E-02
   289 1.000000E+01 1.308355E+03     2  1.647181E+02  7.888691E-03 -4.759044E-05  0.000000E+00  1.983777E-03  0.000000E+00  1.351449E-08  2.882134E-01  0.000000E+00  0.000000E+00  7.675966E-02
   290 1.000000E+01 1.318355E+03     2  1.647162E+02  7.954757E-03 -4.388290E-05  0.000000E+00  1.981473E-03  0.000000E+00  1.351449E-08  2.901948E-01  0.000000E+00  0.000000E+00  7.671359E-02
   291 1.000000E+01 1.328355E+03     2  1.647142E+02  8.027219E-03 -4.466079E-05  0.000000E+00  1.978786E-03  0.000000E+00  1.351449E-08  2.921736E-01  0.000000E+00  0.000000E+00  7.666144E-02
   292 1.000000E+01 1.338355E+03     2  1.647123E+02  8.104170E-03 -4.925907E-05  0.000000E+00  1.976923E-03  0.000000E+00  1.351449E-08  2.941505E-01  0.000000E+00  0.000000E+00  7.661134E-02
   293 1.000000E+01 1.348355E+03     2  1.647103E+02  8.172820E-03 -4.579411E-05  0.000000E+00  1.975102E-03  0.000000E+00  1.351449E-08  2.961256E-01  0.000000E+00  0.000000E+00  7.655981E-02
   294 1.000000E+01 1.358355E+03     2  1.647084E+02  8.242613E-03 -4.665453E-05  0.000000E+00  1.973091E-03  0.000000E+00  1.351449E-08  2.980987E-01  0.000000E+00  0.000000E+00  7.651372E-02
   295 1.000000E+01 1.368355E+03     2  1.647065E+02  8.312833E-03 -4.752979E-05  0.000000E+00  1.970991E-03  0.000000E+00  1.351449E-08  3.000697E-01  0.000000E+00  0.000000E+00  7.646614E-02
   296 1.000000E+01 1.378355E+03     2  1.647045E+02  8.379866E-03 -4.441259E-05  0.000000E+00  1.968293E-03  0.000000E+00  1.351449E-08  3.020380E-01  0.000000E+00  0.000000E+00  7.641495E-02
   297 1.000000E+01 1.388355E+03     2  1.647026E+02  8.455872E-03 -4.921975E-05  0.000000E+00  1.966101E-03  0.000000E+00  1.351449E-08  3.040041E-01  0.000000E+00  0.000000E+00  7.635996E-02
   298 1.000000E+01 1.398355E+03     2  1.647007E+02  8.527601E-03 -4.986120E-05  0.000000E+00  1.964203E-03  0.000000E+00  1.351449E-08  3.059683E-01  0.000000E+00  0.000000E+00  7.630928E-02
   299 1.000000E+01 1.408355E+03     2  1.646988E+02  8.599976E-03 -5.056594E-05  0.000000E+00  1.962243E-03  0.000000E+00  1.351449E-08  3.079306E-01  0.000000E+00  0.000000E+00  7.625711E-02
   300 1.000000E+01 1.418355E+03     2  1.646968E+02  8.672401E-03 -5.112806E-05  0.000000E+00  1.960241E-03  0.000000E+00  1.351449E-08  3.098908E-01  0.000000E+00  0.000000E+00  7.620348E-02
   301 1.000000E+01 1.428355E+03     2  1.646949E+02  8.744904E-03 -5.180433E-05  0.000000E+00  1.958215E-03  0.000000E+00  1.351449E-08  3.118490E-01  0.000000E+00  0.000000E+00  7.614847E-02
   302 1.000000E+01 1.438355E+03     2  1.646930E+02  8.817436E-03 -5.245183E-05  0.000000E+00  1.956152E-03  0.000000E+00  1.351449E-08  3.138052E-01  0.000000E+00  0.000000E+00  7.609210E-02
   303 1.000000E+01 1.448355E+03     2  1.646911E+02  8.889972E-03 -5.306121E-05  0.000000E+00  1.954088E-03  0.000000E+00  1.351449E-08  3.157593E-01  0.000000E+00  0.000000E+00  7.603442E-02
   304 1.000000E+01 1.458355E+03     2  1.646892E+02  8.962386E-03 -5.360011E-05  0.000000E+00  1.952036E-03  0.000000E+00  1.351449E-08  3.177113E-01  0.000000E+00  0.000000E+00  7.597548E-02
   305 1.000000E+01 1.468355E+03     2  1.646873E+02  9.034707E-03 -5.414085E-05  0.000000E+00  1.949986E-03  0.000000E+00  1.351449E-08  3.196613E-01  0.000000E+00  0.000000E+00  7.591532E-02
   306 1.000000E+01 1.478355E+03     2  1.646854E+02  9.106859E-03 -5.463037E-05  0.000000E+00  1.947941E-03  0.000000E+00  1.351449E-08  3.216092E-01  0.000000E+00  0.000000E+00  7.585400E-02
   307 1.000000E+01 1.488355E+03     2  1.646835E+02  9.177953E-03 -5.427301E-05  0.000000E+00  1.945915E-03  0.000000E+00  1.351449E-08  3.235551E-01  0.000000E+00  0.000000E+00  7.579155E-02
   308 1.000000E+01 1.498355E+03     2  1.646815E+02  9.248863E-03 -5.483801E-05  0.000000E+00  1.943959E-03  0.000000E+00  1.351449E-08  3.254991E-01  0.000000E+00  0.000000E+00  7.572804E-02
   309 1.000000E+01 1.508355E+03     2  1.646796E+02  9.319416E-03 -5.529206E-05  0.000000E+00  1.942036E-03  0.000000E+00  1.351449E-08  3.274411E-01  0.000000E+00  0.000000E+00  7.566353E-02
   310 1.000000E+01 1.518355E+03     2  1.646778E+02  9.393107E-03 -5.179300E-05  0.000000E+00  1.940116E-03  0.000000E+00  1.351449E-08  3.293812E-01  0.000000E+00  0.000000E+00  7.559176E-02
   311 1.000000E+01 1.528355E+03     2  1.646759E+02  9.465955E-03 -5.009523E-05  0.000000E+00  1.938253E-03  0.000000E+00  1.351449E-08  3.313195E-01  0.000000E+00  0.000000E+00  7.552319E-02
   312 1.000000E+01 1.538355E+03     2  1.646740E+02  9.524259E-03 -4.607965E-05  0.000000E+00  1.935928E-03  0.000000E+00  1.351449E-08  3.332554E-01  0.000000E+00  0.000000E+00  7.545618E-02
   313 1.000000E+01 1.548355E+03     2  1.646721E+02  9.594088E-03 -5.217125E-05  0.000000E+00  1.933834E-03  0.000000E+00  1.351449E-08  3.351893E-01  0.000000E+00  0.000000E+00  7.538498E-02
   314 1.000000E+01 1.558355E+03     2  1.646702E+02  9.654272E-03 -4.923655E-05  0.000000E+00  1.932296E-03  0.000000E+00  1.351449E-08  3.371216E-01  0.000000E+00  0.000000E+00  7.531906E-02
   315 1.000000E+01 1.568355E+03     2  1.646683E+02  9.730096E-03 -5.132630E-05  0.000000E+00  1.929997E-03  0.000000E+00  1.351449E-08  3.390516E-01  0.000000E+00  0.000000E+00  7.524655E-02
   316 1.000000E+01 1.578355E+03     2  1.646664E+02  9.794104E-03 -5.212695E-05  0.000000E+00  1.928220E-03  0.000000E+00  1.351449E-08  3.409798E-01  0.000000E+00  0.000000E+00  7.518286E-02
   317 1.000000E+01 1.588355E+03     2  1.646645E+02  9.855152E-03 -4.878641E-05  0.000000E+00  1.925923E-03  0.000000E+00  1.351449E-08  3.429057E-01  0.000000E+00  0.000000E+00  7.511761E-02
   318 1.000000E+01 1.598355E+03     2  1.646626E+02  9.915433E-03 -4.419662E-05  0.000000E+00  1.923070E-03  0.000000E+00  1.351449E-08  3.448288E-01  0.000000E+00  0.000000E+00  7.504384E-02
   319 1.000000E+01 1.608355E+03     2  1.646607E+02  9.997715E-03 -5.546266E-05  0.000000E+00  1.920810E-03  0.000000E+00  1.351449E-08  3.467496E-01  0.000000E+00  0.000000E+00  7.496650E-02
   320 1.000000E+01 1.618355E+03     2  1.646588E+02  1.006906E-02 -5.584419E-05  0.000000E+00  1.919265E-03  0.000000E+00  1.351449E-08  3.486688E-01  0.000000E+00  0.000000E+00  7.490351E-02
   321 1.000000E+01 1.628355E+03     2  1.646570E+02  1.014276E-02 -5.654248E-05  0.000000E+00  1.917306E-03  0.000000E+00  1.351449E-08  3.505861E-01  0.000000E+00  0.000000E+00  7.483954E-02
   322 1.000000E+01 1.638355E+03     2  1.646551E+02  1.021790E-02 -5.728521E-05  0.000000E+00  1.915220E-03  0.000000E+00  1.351449E-08  3.525014E-01  0.000000E+00  0.000000E+00  7.477463E-02
   323 1.000000E+01 1.648355E+03     2  1.646532E+02  1.029050E-02 -5.399266E-05  0.000000E+00  1.912605E-03  0.000000E+00  1.351449E-08  3.544140E-01  0.000000E+00  0.000000E+00  7.470671E-02
   324 1.000000E+01 1.658355E+03     2  1.646514E+02  1.037312E-02 -5.871562E-05  0.000000E+00  1.910311E-03  0.000000E+00  1.351449E-08  3.563243E-01  0.000000E+00  0.000000E+00  7.463531E-02
   325 1.000000E+01 1.668355E+03     2  1.646495E+02  1.045166E-02 -5.907583E-05  0.000000E+00  1.908406E-03  0.000000E+00  1.351449E-08  3.582327E-01  0.000000E+00  0.000000E+00  7.456891E-02
   326 1.000000E+01 1.678355E+03     2  1.646477E+02  1.053071E-02 -5.896826E-05  0.000000E+00  1.906341E-03  0.000000E+00  1.351449E-08  3.601390E-01  0.000000E+00  0.000000E+00  7.450158E-02
   327 1.000000E+01 1.688355E+03     2  1.646458E+02  1.061040E-02 -5.937528E-05  0.000000E+00  1.904213E-03  0.000000E+00  1.351449E-08  3.620432E-01  0.000000E+00  0.000000E+00  7.443335E-02
   328 1.000000E+01 1.698355E+03     2  1.646440E+02  1.069339E-02 -4.956392E-05  0.000000E+00  1.901603E-03  0.000000E+00  1.351449E-08  3.639448E-01  0.000000E+00  0.000000E+00  7.436216E-02
   329 1.000000E+01 1.708355E+03     2  1.646421E+02  1.077473E-02 -5.462705E-05  0.000000E+00  1.899252E-03  0.000000E+00  1.351449E-08  3.658441E-01  0.000000E+00  0.000000E+00  7.428696E-02
   330 1.000000E+01 1.718355E+03     2  1.646402E+02  1.085106E-02 -5.498301E-05  0.000000E+00  1.897355E-03  0.000000E+00  1.351449E-08  3.677415E-01  0.000000E+00  0.000000E+00  7.421751E-02
   331 1.000000E+01 1.728355E+03     2  1.646384E+02  1.092823E-02 -5.539055E-05  0.000000E+00  1.895297E-03  0.000000E+00  1.351449E-08  3.696368E-01  0.000000E+00  0.000000E+00  7.414724E-02
   332 1.000000E+01 1.738355E+03     2  1.646365E+02  1.100593E-02 -5.579685E-05  0.000000E+00  1.893192E-03  0.000000E+00  1.351449E-08  3.715299E-01  0.000000E+00  0.000000E+00  7.407614E-02
   333 1.000000E+01 1.748355E+03     2  1.646347E+02  1.108336E-02 -5.566211E-05  0.000000E+00  1.891101E-03  0.000000E+00  1.351449E-08  3.734210E-01  0.000000E+00  0.000000E+00  7.400429E-02
   334 1.000000E+01 1.758355E+03     2  1.646328E+02  1.115506E-02 -4.911673E-05  0.000000E+00  1.888043E-03  0.000000E+00  1.351449E-08  3.753091E-01  0.000000E+00  0.000000E+00  7.392864E-02
   335 1.000000E+01 1.768355E+03     2  1.646310E+02  1.124432E-02 -5.640166E-05  0.000000E+00  1.885947E-03  0.000000E+00  1.351449E-08  3.771950E-01  0.000000E+00  0.000000E+00  7.384669E-02
   336 1.000000E+01 1.778355E+03     2  1.646292E+02  1.131867E-02 -5.027665E-05  0.000000E+00  1.883619E-03  0.000000E+00  1.351449E-08  3.790787E-01  0.000000E+00  0.000000E+00  7.376791E-02
   337 1.000000E+01 1.788355E+03     2  1.646273E+02  1.140328E-02 -5.432323E-05  0.000000E+00  1.881312E-03  0.000000E+00  1.351449E-08  3.809600E-01  0.000000E+00  0.000000E+00  7.369186E-02
   338 1.000000E+01 1.798355E+03     2  1.646255E+02  1.148423E-02 -5.435389E-05  0.000000E+00  1.879375E-03  0.000000E+00  1.351449E-08  3.828393E-01  0.000000E+00  0.000000E+00  7.362043E-02
   339 1.000000E+01 1.808355E+03     2  1.646237E+02  1.156627E-02 -5.461371E-05  0.000000E+00  1.877290E-03  0.000000E+00  1.351449E-08  3.847166E-01  0.000000E+00  0.000000E+00  7.354816E-02
   340 1.000000E+01 1.818355E+03     2  1.646218E+02  1.165591E-02 -5.162634E-05  0.000000E+00  1.875187E-03  0.000000E+00  1.351449E-08  3.865918E-01  0.000000E+00  0.000000E+00  7.347039E-02
   341 1.000000E+01 1.828355E+03     2  1.646200E+02  1.173197E-02 -4.774848E-05  0.000000E+00  1.872492E-03  0.000000E+00  1.351449E-08  3.884643E-01  0.000000E+00  0.000000E+00  7.339518E-02
   342 1.000000E+01 1.838355E+03     2  1.646182E+02  1.181742E-02 -5.179650E-05  0.000000E+00  1.870276E-03  0.000000E+00  1.351449E-08  3.903346E-01  0.000000E+00  0.000000E+00  7.331661E-02
   343 1.000000E+01 1.848355E+03     2  1.646164E+02  1.189840E-02 -5.187554E-05  0.000000E+00  1.868379E-03  0.000000E+00  1.351449E-08  3.922030E-01  0.000000E+00  0.000000E+00  7.324338E-02
   344 1.000000E+01 1.858355E+03     2  1.646145E+02  1.198029E-02 -5.203533E-05  0.000000E+00  1.866318E-03  0.000000E+00  1.351449E-08  3.940693E-01  0.000000E+00  0.000000E+00  7.316939E-02
   345 1.000000E+01 1.868355E+03     2  1.646127E+02  1.206004E-02 -4.989415E-05  0.000000E+00  1.864220E-03  0.000000E+00  1.351449E-08  3.959335E-01  0.000000E+00  0.000000E+00  7.309162E-02
   346 1.000000E+01 1.878355E+03     2  1.646109E+02  1.214016E-02 -4.996553E-05  0.000000E+00  1.862158E-03  0.000000E+00  1.351449E-08  3.977957E-01  0.000000E+00  0.000000E+00  7.301701E-02
   347 1.000000E+01 1.888355E+03     2  1.646091E+02  1.222049E-02 -5.020393E-05  0.000000E+00  1.860121E-03  0.000000E+00  1.351449E-08  3.996558E-01  0.000000E+00  0.000000E+00  7.294178E-02
   348 1.000000E+01 1.898355E+03     2  1.646072E+02  1.230092E-02 -5.041158E-05  0.000000E+00  1.858122E-03  0.000000E+00  1.351449E-08  4.015139E-01  0.000000E+00  0.000000E+00  7.286599E-02
   349 1.000000E+01 1.908355E+03     2  1.646054E+02  1.237594E-02 -4.397730E-05  0.000000E+00  1.854962E-03  0.000000E+00  1.351449E-08  4.033689E-01  0.000000E+00  0.000000E+00  7.278625E-02
   350 1.000000E+01 1.918355E+03     2  1.646036E+02  1.246760E-02 -5.114903E-05  0.000000E+00  1.853196E-03  0.000000E+00  1.351449E-08  4.052221E-01  0.000000E+00  0.000000E+00  7.269991E-02
   351 1.000000E+01 1.928355E+03     2  1.646018E+02  1.255058E-02 -5.124681E-05  0.000000E+00  1.851582E-03  0.000000E+00  1.351449E-08  4.070736E-01  0.000000E+00  0.000000E+00  7.262420E-02
   352 1.000000E+01 1.938355E+03     2  1.646000E+02  1.263454E-02 -5.141034E-05  0.000000E+00  1.849820E-03  0.000000E+00  1.351449E-08  4.089235E-01  0.000000E+00  0.000000E+00  7.254802E-02
   353 1.000000E+01 1.948355E+03     2  1.645982E+02  1.272525E-02 -4.828284E-05  0.000000E+00  1.848020E-03  0.000000E+00  1.351449E-08  4.107715E-01  0.000000E+00  0.000000E+00  7.246760E-02
   354 1.000000E+01 1.958355E+03     2  1.645964E+02  1.280668E-02 -4.863791E-05  0.000000E+00  1.846158E-03  0.000000E+00  1.351449E-08  4.126176E-01  0.000000E+00  0.000000E+00  7.239135E-02
   355 1.000000E+01 1.968355E+03     2  1.645946E+02  1.288462E-02 -4.561254E-05  0.000000E+00  1.844294E-03  0.000000E+00  1.351449E-08  4.144619E-01  0.000000E+00  0.000000E+00  7.230923E-02
   356 1.000000E+01 1.978355E+03     2  1.645928E+02  1.296265E-02 -4.572166E-05  0.000000E+00  1.842454E-03  0.000000E+00  1.351449E-08  4.163044E-01  0.000000E+00  0.000000E+00  7.223309E-02
   357 1.000000E+01 1.988355E+03     2  1.645910E+02  1.304066E-02 -4.608326E-05  0.000000E+00  1.840669E-03  0.000000E+00  1.351449E-08  4.181451E-01  0.000000E+00  0.000000E+00  7.215665E-02
   358 1.000000E+01 1.998355E+03     2  1.645892E+02  1.311285E-02 -4.158824E-05  0.000000E+00  1.838904E-03  0.000000E+00  1.351449E-08  4.199840E-01  0.000000E+00  0.000000E+00  7.206979E-02
   359 1.000000E+01 2.008355E+03     2  1.645874E+02  1.318558E-02 -4.240333E-05  0.000000E+00  1.837180E-03  0.000000E+00  1.351449E-08  4.218211E-01  0.000000E+00  0.000000E+00  7.199476E-02
   360 1.000000E+01 2.018355E+03     2  1.645856E+02  1.325826E-02 -4.318136E-05  0.000000E+00  1.835486E-03  0.000000E+00  1.351449E-08  4.236566E-01  0.000000E+00  0.000000E+00  7.191961E-02
   361 1.000000E+01 2.028355E+03     2  1.645837E+02  1.332763E-02 -4.015345E-05  0.000000E+00  1.833344E-03  0.000000E+00  1.351449E-08  4.254900E-01  0.000000E+00  0.000000E+00  7.184226E-02
   362 1.000000E+01 2.038355E+03     2  1.645820E+02  1.340602E-02 -4.477552E-05  0.000000E+00  1.831448E-03  0.000000E+00  1.351449E-08  4.273214E-01  0.000000E+00  0.000000E+00  7.176226E-02
   363 1.000000E+01 2.048355E+03     2  1.645802E+02  1.348655E-02 -4.314692E-05  0.000000E+00  1.830009E-03  0.000000E+00  1.351449E-08  4.291514E-01  0.000000E+00  0.000000E+00  7.168387E-02
   364 1.000000E+01 2.058355E+03     2  1.645784E+02  1.355863E-02 -4.395974E-05  0.000000E+00  1.828379E-03  0.000000E+00  1.351449E-08  4.309798E-01  0.000000E+00  0.000000E+00  7.161004E-02
   365 1.000000E+01 2.068355E+03     2  1.645766E+02  1.363105E-02 -4.477770E-05  0.000000E+00  1.826700E-03  0.000000E+00  1.351449E-08  4.328065E-01  0.000000E+00  0.000000E+00  7.153607E-02
   366 1.000000E+01 2.078355E+03     2  1.645748E+02  1.370389E-02 -4.557331E-05  0.000000E+00  1.825038E-03  0.000000E+00  1.351449E-08  4.346315E-01  0.000000E+00  0.000000E+00  7.146199E-02
   367 1.000000E+01 2.088355E+03     2  1.645730E+02  1.377660E-02 -4.634330E-05  0.000000E+00  1.823381E-03  0.000000E+00  1.351449E-08  4.364549E-01  0.000000E+00  0.000000E+00  7.138782E-02
   368 1.000000E+01 2.098355E+03     2  1.645712E+02  1.384939E-02 -4.708631E-05  0.000000E+00  1.821743E-03  0.000000E+00  1.351449E-08  4.382767E-01  0.000000E+00  0.000000E+00  7.131356E-02
   369 1.000000E+01 2.108355E+03     2  1.645694E+02  1.391860E-02 -4.371026E-05  0.000000E+00  1.819646E-03  0.000000E+00  1.351449E-08  4.400963E-01  0.000000E+00  0.000000E+00  7.123680E-02
   370 1.000000E+01 2.118355E+03     2  1.645676E+02  1.399800E-02 -4.877566E-05  0.000000E+00  1.817855E-03  0.000000E+00  1.351449E-08  4.419142E-01  0.000000E+00  0.000000E+00  7.115703E-02
   371 1.000000E+01 2.128355E+03     2  1.645659E+02  1.407216E-02 -4.928891E-05  0.000000E+00  1.816497E-03  0.000000E+00  1.351449E-08  4.437307E-01  0.000000E+00  0.000000E+00  7.108375E-02
   372 1.000000E+01 2.138355E+03     2  1.645641E+02  1.414700E-02 -4.990102E-05  0.000000E+00  1.814936E-03  0.000000E+00  1.351449E-08  4.455456E-01  0.000000E+00  0.000000E+00  7.101030E-02
   373 1.000000E+01 2.148355E+03     2  1.645623E+02  1.422221E-02 -5.052289E-05  0.000000E+00  1.813305E-03  0.000000E+00  1.351449E-08  4.473589E-01  0.000000E+00  0.000000E+00  7.093667E-02
   374 1.000000E+01 2.158355E+03     2  1.645605E+02  1.429763E-02 -5.112499E-05  0.000000E+00  1.811649E-03  0.000000E+00  1.351449E-08  4.491706E-01  0.000000E+00  0.000000E+00  7.086290E-02
   375 1.000000E+01 2.168355E+03     2  1.645588E+02  1.437308E-02 -5.169685E-05  0.000000E+00  1.809998E-03  0.000000E+00  1.351449E-08  4.509806E-01  0.000000E+00  0.000000E+00  7.078899E-02
   376 1.000000E+01 2.178355E+03     2  1.645570E+02  1.444857E-02 -5.224374E-05  0.000000E+00  1.808359E-03  0.000000E+00  1.351449E-08  4.527889E-01  0.000000E+00  0.000000E+00  7.071497E-02
   377 1.000000E+01 2.188355E+03     2  1.645552E+02  1.452405E-02 -5.276043E-05  0.000000E+00  1.806728E-03  0.000000E+00  1.351449E-08  4.545956E-01  0.000000E+00  0.000000E+00  7.064082E-02
   378 1.000000E+01 2.198355E+03     2  1.645535E+02  1.459920E-02 -5.295853E-05  0.000000E+00  1.805111E-03  0.000000E+00  1.351449E-08  4.564008E-01  0.000000E+00  0.000000E+00  7.056657E-02
   379 1.000000E+01 2.208355E+03     2  1.645517E+02  1.467004E-02 -4.863823E-05  0.000000E+00  1.802918E-03  0.000000E+00  1.351449E-08  4.582037E-01  0.000000E+00  0.000000E+00  7.048952E-02
   380 1.000000E+01 2.218355E+03     2  1.645500E+02  1.475316E-02 -5.426289E-05  0.000000E+00  1.801188E-03  0.000000E+00  1.351449E-08  4.600049E-01  0.000000E+00  0.000000E+00  7.040846E-02
   381 1.000000E+01 2.228355E+03     2  1.645482E+02  1.482978E-02 -5.461799E-05  0.000000E+00  1.799874E-03  0.000000E+00  1.351449E-08  4.618047E-01  0.000000E+00  0.000000E+00  7.033529E-02
   382 1.000000E+01 2.238355E+03     2  1.645464E+02  1.490708E-02 -5.508642E-05  0.000000E+00  1.798375E-03  0.000000E+00  1.351449E-08  4.636031E-01  0.000000E+00  0.000000E+00  7.026197E-02
   383 1.000000E+01 2.248355E+03     2  1.645447E+02  1.498482E-02 -5.568122E-05  0.000000E+00  1.796802E-03  0.000000E+00  1.351449E-08  4.653999E-01  0.000000E+00  0.000000E+00  7.018849E-02
   384 1.000000E+01 2.258355E+03     2  1.645429E+02  1.506270E-02 -5.619572E-05  0.000000E+00  1.795236E-03  0.000000E+00  1.351449E-08  4.671951E-01  0.000000E+00  0.000000E+00  7.011487E-02
   385 1.000000E+01 2.268355E+03     2  1.645412E+02  1.514013E-02 -5.619408E-05  0.000000E+00  1.793679E-03  0.000000E+00  1.351449E-08  4.689888E-01  0.000000E+00  0.000000E+00  7.004113E-02
   386 1.000000E+01 2.278355E+03     2  1.645394E+02  1.520913E-02 -4.819593E-05  0.000000E+00  1.791784E-03  0.000000E+00  1.351449E-08  4.707806E-01  0.000000E+00  0.000000E+00  6.996065E-02
   387 1.000000E+01 2.288355E+03     2  1.645377E+02  1.529529E-02 -5.555098E-05  0.000000E+00  1.789633E-03  0.000000E+00  1.351449E-08  4.725702E-01  0.000000E+00  0.000000E+00  6.987909E-02
   388 1.000000E+01 2.298355E+03     2  1.645359E+02  1.537332E-02 -5.586872E-05  0.000000E+00  1.788424E-03  0.000000E+00  1.351449E-08  4.743587E-01  0.000000E+00  0.000000E+00  6.980789E-02
   389 1.000000E+01 2.308355E+03     2  1.645342E+02  1.545260E-02 -5.637712E-05  0.000000E+00  1.786937E-03  0.000000E+00  1.351449E-08  4.761456E-01  0.000000E+00  0.000000E+00  6.973623E-02
   390 1.000000E+01 2.318355E+03     2  1.645325E+02  1.552762E-02 -5.152587E-05  0.000000E+00  1.784909E-03  0.000000E+00  1.351449E-08  4.779305E-01  0.000000E+00  0.000000E+00  6.966393E-02
   391 1.000000E+01 2.328355E+03     2  1.645307E+02  1.560970E-02 -5.571561E-05  0.000000E+00  1.783368E-03  0.000000E+00  1.351449E-08  4.797139E-01  0.000000E+00  0.000000E+00  6.958869E-02
   392 1.000000E+01 2.338355E+03     2  1.645290E+02  1.569019E-02 -5.615504E-05  0.000000E+00  1.781693E-03  0.000000E+00  1.351449E-08  4.814956E-01  0.000000E+00  0.000000E+00  6.951694E-02
   393 1.000000E+01 2.348355E+03     2  1.645273E+02  1.577145E-02 -5.655893E-05  0.000000E+00  1.779976E-03  0.000000E+00  1.351449E-08  4.832756E-01  0.000000E+00  0.000000E+00  6.944491E-02
   394 1.000000E+01 2.358355E+03     2  1.645255E+02  1.585320E-02 -5.691775E-05  0.000000E+00  1.778273E-03  0.000000E+00  1.351449E-08  4.850538E-01  0.000000E+00  0.000000E+00  6.937264E-02
   395 1.000000E+01 2.368355E+03     2  1.645238E+02  1.593140E-02 -5.296886E-05  0.000000E+00  1.776213E-03  0.000000E+00  1.351449E-08  4.868300E-01  0.000000E+00  0.000000E+00  6.929755E-02
   396 1.000000E+01 2.378355E+03     2  1.645221E+02  1.602086E-02 -5.787797E-05  0.000000E+00  1.774233E-03  0.000000E+00  1.351449E-08  4.886043E-01  0.000000E+00  0.000000E+00  6.921888E-02
   397 1.000000E+01 2.388355E+03     2  1.645203E+02  1.610475E-02 -5.788044E-05  0.000000E+00  1.772763E-03  0.000000E+00  1.351449E-08  4.903770E-01  0.000000E+00  0.000000E+00  6.914711E-02
   398 1.000000E+01 2.398355E+03     2  1.645186E+02  1.618585E-02 -5.479227E-05  0.000000E+00  1.771175E-03  0.000000E+00  1.351449E-08  4.921482E-01  0.000000E+00  0.000000E+00  6.907135E-02
   399 1.000000E+01 2.408355E+03     2  1.645169E+02  1.626759E-02 -5.512405E-05  0.000000E+00  1.769658E-03  0.000000E+00  1.351449E-08  4.939179E-01  0.000000E+00  0.000000E+00  6.899981E-02
   400 1.000000E+01 2.418355E+03     2  1.645152E+02  1.634940E-02 -5.543751E-05  0.000000E+00  1.768097E-03  0.000000E+00  1.351449E-08  4.956860E-01  0.000000E+00  0.000000E+00  6.892804E-02
   401 1.000000E+01 2.428355E+03     2  1.645134E+02  1.642936E-02 -5.382712E-05  0.000000E+00  1.766528E-03  0.000000E+00  1.351449E-08  4.974525E-01  0.000000E+00  0.000000E+00  6.885605E-02
   402 1.000000E+01 2.438355E+03     2  1.645117E+02  1.650891E-02 -5.368756E-05  0.000000E+00  1.764972E-03  0.000000E+00  1.351449E-08  4.992175E-01  0.000000E+00  0.000000E+00  6.878385E-02
   403 1.000000E+01 2.448355E+03     2  1.645100E+02  1.658831E-02 -5.389528E-05  0.000000E+00  1.763426E-03  0.000000E+00  1.351449E-08  5.009809E-01  0.000000E+00  0.000000E+00  6.871146E-02
   404 1.000000E+01 2.458355E+03     2  1.645083E+02  1.666760E-02 -5.406197E-05  0.000000E+00  1.761899E-03  0.000000E+00  1.351449E-08  5.027428E-01  0.000000E+00  0.000000E+00  6.863890E-02
   405 1.000000E+01 2.468355E+03     2  1.645066E+02  1.675517E-02 -5.065246E-05  0.000000E+00  1.760397E-03  0.000000E+00  1.351449E-08  5.045032E-01  0.000000E+00  0.000000E+00  6.856619E-02
   406 1.000000E+01 2.478355E+03     2  1.645049E+02  1.683045E-02 -5.106834E-05  0.000000E+00  1.758872E-03  0.000000E+00  1.351449E-08  5.062621E-01  0.000000E+00  0.000000E+00  6.849340E-02
   407 1.000000E+01 2.488355E+03     2  1.645031E+02  1.690227E-02 -4.769098E-05  0.000000E+00  1.756939E-03  0.000000E+00  1.351449E-08  5.080190E-01  0.000000E+00  0.000000E+00  6.841839E-02
   408 1.000000E+01 2.498355E+03     2  1.645014E+02  1.698269E-02 -5.166556E-05  0.000000E+00  1.755235E-03  0.000000E+00  1.351449E-08  5.097742E-01  0.000000E+00  0.000000E+00  6.834076E-02
   409 1.000000E+01 2.508355E+03     2  1.644997E+02  1.705829E-02 -5.176173E-05  0.000000E+00  1.753961E-03  0.000000E+00  1.351449E-08  5.115282E-01  0.000000E+00  0.000000E+00  6.826870E-02
   410 1.000000E+01 2.518355E+03     2  1.644980E+02  1.713429E-02 -5.194588E-05  0.000000E+00  1.752505E-03  0.000000E+00  1.351449E-08  5.132807E-01  0.000000E+00  0.000000E+00  6.819648E-02
   411 1.000000E+01 2.528355E+03     2  1.644963E+02  1.720994E-02 -5.174563E-05  0.000000E+00  1.750990E-03  0.000000E+00  1.351449E-08  5.150317E-01  0.000000E+00  0.000000E+00  6.812409E-02
   412 1.000000E+01 2.538355E+03     2  1.644946E+02  1.728552E-02 -5.193996E-05  0.000000E+00  1.749469E-03  0.000000E+00  1.351449E-08  5.167812E-01  0.000000E+00  0.000000E+00  6.805155E-02
   413 1.000000E+01 2.548355E+03     2  1.644929E+02  1.735736E-02 -4.806960E-05  0.000000E+00  1.747502E-03  0.000000E+00  1.351449E-08  5.185287E-01  0.000000E+00  0.000000E+00  6.797673E-02
   414 1.000000E+01 2.558355E+03     2  1.644912E+02  1.744614E-02 -5.058742E-05  0.000000E+00  1.745742E-03  0.000000E+00  1.351449E-08  5.202744E-01  0.000000E+00  0.000000E+00  6.789472E-02
   415 1.000000E+01 2.568355E+03     2  1.644895E+02  1.751748E-02 -4.683109E-05  0.000000E+00  1.743896E-03  0.000000E+00  1.351449E-08  5.220183E-01  0.000000E+00  0.000000E+00  6.782125E-02
   416 1.000000E+01 2.578355E+03     2  1.644878E+02  1.759876E-02 -5.081294E-05  0.000000E+00  1.742208E-03  0.000000E+00  1.351449E-08  5.237605E-01  0.000000E+00  0.000000E+00  6.774462E-02
   417 1.000000E+01 2.588355E+03     2  1.644861E+02  1.766937E-02 -4.391175E-05  0.000000E+00  1.739791E-03  0.000000E+00  1.351449E-08  5.255003E-01  0.000000E+00  0.000000E+00  6.767109E-02
   418 1.000000E+01 2.598355E+03     2  1.644844E+02  1.775759E-02 -5.117055E-05  0.000000E+00  1.738298E-03  0.000000E+00  1.351449E-08  5.272386E-01  0.000000E+00  0.000000E+00  6.759182E-02
   419 1.000000E+01 2.608355E+03     2  1.644827E+02  1.784846E-02 -4.304975E-05  0.000000E+00  1.737040E-03  0.000000E+00  1.351449E-08  5.289756E-01  0.000000E+00  0.000000E+00  6.750965E-02
   420 1.000000E+01 2.618355E+03     2  1.644810E+02  1.792225E-02 -4.347472E-05  0.000000E+00  1.735396E-03  0.000000E+00  1.351449E-08  5.307110E-01  0.000000E+00  0.000000E+00  6.744161E-02
   421 1.000000E+01 2.628355E+03     2  1.644793E+02  1.799698E-02 -4.391256E-05  0.000000E+00  1.733658E-03  0.000000E+00  1.351449E-08  5.324447E-01  0.000000E+00  0.000000E+00  6.737302E-02
   422 1.000000E+01 2.638355E+03     2  1.644776E+02  1.807236E-02 -4.429998E-05  0.000000E+00  1.731904E-03  0.000000E+00  1.351449E-08  5.341766E-01  0.000000E+00  0.000000E+00  6.730405E-02
   423 1.000000E+01 2.648355E+03     2  1.644759E+02  1.814827E-02 -4.462794E-05  0.000000E+00  1.730150E-03  0.000000E+00  1.351449E-08  5.359067E-01  0.000000E+00  0.000000E+00  6.723471E-02
   424 1.000000E+01 2.658355E+03     2  1.644742E+02  1.822462E-02 -4.488756E-05  0.000000E+00  1.728394E-03  0.000000E+00  1.351449E-08  5.376351E-01  0.000000E+00  0.000000E+00  6.716501E-02
   425 1.000000E+01 2.668355E+03     2  1.644725E+02  1.830089E-02 -4.470572E-05  0.000000E+00  1.726667E-03  0.000000E+00  1.351449E-08  5.393618E-01  0.000000E+00  0.000000E+00  6.709495E-02
   426 1.000000E+01 2.678355E+03     2  1.644708E+02  1.837746E-02 -4.491042E-05  0.000000E+00  1.724950E-03  0.000000E+00  1.351449E-08  5.410868E-01  0.000000E+00  0.000000E+00  6.702455E-02
   427 1.000000E+01 2.688355E+03     2  1.644691E+02  1.845429E-02 -4.505893E-05  0.000000E+00  1.723238E-03  0.000000E+00  1.351449E-08  5.428100E-01  0.000000E+00  0.000000E+00  6.695384E-02
   428 1.000000E+01 2.698355E+03     2  1.644674E+02  1.852852E-02 -4.286633E-05  0.000000E+00  1.721536E-03  0.000000E+00  1.351449E-08  5.445315E-01  0.000000E+00  0.000000E+00  6.687692E-02
   429 1.000000E+01 2.708355E+03     2  1.644658E+02  1.860301E-02 -4.312903E-05  0.000000E+00  1.719860E-03  0.000000E+00  1.351449E-08  5.462514E-01  0.000000E+00  0.000000E+00  6.680653E-02
   430 1.000000E+01 2.718355E+03     2  1.644641E+02  1.867629E-02 -4.208230E-05  0.000000E+00  1.718222E-03  0.000000E+00  1.351449E-08  5.479696E-01  0.000000E+00  0.000000E+00  6.673596E-02
   431 1.000000E+01 2.728355E+03     2  1.644624E+02  1.874964E-02 -4.229871E-05  0.000000E+00  1.716594E-03  0.000000E+00  1.351449E-08  5.496862E-01  0.000000E+00  0.000000E+00  6.666521E-02
   432 1.000000E+01 2.738355E+03     2  1.644607E+02  1.882299E-02 -4.250106E-05  0.000000E+00  1.714997E-03  0.000000E+00  1.351449E-08  5.514012E-01  0.000000E+00  0.000000E+00  6.659430E-02
   433 1.000000E+01 2.748355E+03     2  1.644590E+02  1.889637E-02 -4.269208E-05  0.000000E+00  1.713416E-03  0.000000E+00  1.351449E-08  5.531146E-01  0.000000E+00  0.000000E+00  6.652325E-02
   434 1.000000E+01 2.758355E+03     2  1.644573E+02  1.896979E-02 -4.296966E-05  0.000000E+00  1.711859E-03  0.000000E+00  1.351449E-08  5.548265E-01  0.000000E+00  0.000000E+00  6.645209E-02
   435 1.000000E+01 2.768355E+03     2  1.644557E+02  1.904329E-02 -4.328358E-05  0.000000E+00  1.710320E-03  0.000000E+00  1.351449E-08  5.565368E-01  0.000000E+00  0.000000E+00  6.638082E-02
   436 1.000000E+01 2.778355E+03     2  1.644540E+02  1.911395E-02 -4.093895E-05  0.000000E+00  1.708804E-03  0.000000E+00  1.351449E-08  5.582456E-01  0.000000E+00  0.000000E+00  6.630587E-02
   437 1.000000E+01 2.788355E+03     2  1.644523E+02  1.918476E-02 -4.122927E-05  0.000000E+00  1.707301E-03  0.000000E+00  1.351449E-08  5.599529E-01  0.000000E+00  0.000000E+00  6.623507E-02
   438 1.000000E+01 2.798355E+03     2  1.644506E+02  1.925545E-02 -4.149134E-05  0.000000E+00  1.705816E-03  0.000000E+00  1.351449E-08  5.616587E-01  0.000000E+00  0.000000E+00  6.616424E-02
   439 1.000000E+01 2.808355E+03     2  1.644490E+02  1.932601E-02 -4.172769E-05  0.000000E+00  1.704341E-03  0.000000E+00  1.351449E-08  5.633631E-01  0.000000E+00  0.000000E+00  6.609340E-02
   440 1.000000E+01 2.818355E+03     2  1.644473E+02  1.939261E-02 -3.751360E-05  0.000000E+00  1.702239E-03  0.000000E+00  1.351449E-08  5.650653E-01  0.000000E+00  0.000000E+00  6.601998E-02
   441 1.000000E+01 2.828355E+03     2  1.644456E+02  1.947878E-02 -4.068879E-05  0.000000E+00  1.700722E-03  0.000000E+00  1.351449E-08  5.667660E-01  0.000000E+00  0.000000E+00  6.593820E-02
   442 1.000000E+01 2.838355E+03     2  1.644440E+02  1.954864E-02 -4.091357E-05  0.000000E+00  1.699521E-03  0.000000E+00  1.351449E-08  5.684655E-01  0.000000E+00  0.000000E+00  6.586934E-02
   443 1.000000E+01 2.848355E+03     2  1.644423E+02  1.961922E-02 -4.125265E-05  0.000000E+00  1.698143E-03  0.000000E+00  1.351449E-08  5.701637E-01  0.000000E+00  0.000000E+00  6.580045E-02
   444 1.000000E+01 2.858355E+03     2  1.644406E+02  1.969015E-02 -4.160550E-05  0.000000E+00  1.696703E-03  0.000000E+00  1.351449E-08  5.718604E-01  0.000000E+00  0.000000E+00  6.573157E-02
   445 1.000000E+01 2.868355E+03     2  1.644390E+02  1.976136E-02 -4.196532E-05  0.000000E+00  1.695253E-03  0.000000E+00  1.351449E-08  5.735556E-01  0.000000E+00  0.000000E+00  6.566271E-02
   446 1.000000E+01 2.878355E+03     2  1.644373E+02  1.983251E-02 -4.230202E-05  0.000000E+00  1.693812E-03  0.000000E+00  1.351449E-08  5.752494E-01  0.000000E+00  0.000000E+00  6.559388E-02
   447 1.000000E+01 2.888355E+03     2  1.644356E+02  1.990099E-02 -4.017451E-05  0.000000E+00  1.692361E-03  0.000000E+00  1.351449E-08  5.769418E-01  0.000000E+00  0.000000E+00  6.552147E-02
   448 1.000000E+01 2.898355E+03     2  1.644340E+02  1.998339E-02 -3.737486E-05  0.000000E+00  1.691008E-03  0.000000E+00  1.351449E-08  5.786328E-01  0.000000E+00  0.000000E+00  6.544587E-02
   449 1.000000E+01 2.908355E+03     2  1.644323E+02  2.004891E-02 -3.804076E-05  0.000000E+00  1.689601E-03  0.000000E+00  1.351449E-08  5.803224E-01  0.000000E+00  0.000000E+00  6.537894E-02
   450 1.000000E+01 2.918355E+03     2  1.644307E+02  2.011449E-02 -3.868663E-05  0.000000E+00  1.688207E-03  0.000000E+00  1.351449E-08  5.820106E-01  0.000000E+00  0.000000E+00  6.531206E-02
   451 1.000000E+01 2.928355E+03     2  1.644290E+02  2.018012E-02 -3.931372E-05  0.000000E+00  1.686824E-03  0.000000E+00  1.351449E-08  5.836974E-01  0.000000E+00  0.000000E+00  6.524530E-02
   452 1.000000E+01 2.938355E+03     2  1.644273E+02  2.024581E-02 -3.992305E-05  0.000000E+00  1.685455E-03  0.000000E+00  1.351449E-08  5.853829E-01  0.000000E+00  0.000000E+00  6.517864E-02
   453 1.000000E+01 2.948355E+03     2  1.644257E+02  2.031153E-02 -4.051813E-05  0.000000E+00  1.684091E-03  0.000000E+00  1.351449E-08  5.870670E-01  0.000000E+00  0.000000E+00  6.511210E-02
   454 1.000000E+01 2.958355E+03     2  1.644240E+02  2.037730E-02 -4.110034E-05  0.000000E+00  1.682734E-03  0.000000E+00  1.351449E-08  5.887497E-01  0.000000E+00  0.000000E+00  6.504569E-02
   455 1.000000E+01 2.968355E+03     2  1.644224E+02  2.043986E-02 -3.802256E-05  0.000000E+00  1.680939E-03  0.000000E+00  1.351449E-08  5.904307E-01  0.000000E+00  0.000000E+00  6.497740E-02
   456 1.000000E+01 2.978355E+03     2  1.644207E+02  2.050592E-02 -3.560327E-05  0.000000E+00  1.678233E-03  0.000000E+00  1.351449E-08  5.921089E-01  0.000000E+00  0.000000E+00  6.490320E-02
   457 1.000000E+01 2.988355E+03     2  1.644191E+02  2.058297E-02 -4.257985E-05  0.000000E+00  1.677258E-03  0.000000E+00  1.351449E-08  5.937862E-01  0.000000E+00  0.000000E+00  6.482900E-02
   458 1.000000E+01 2.998355E+03     2  1.644174E+02  2.065256E-02 -4.310177E-05  0.000000E+00  1.676241E-03  0.000000E+00  1.351449E-08  5.954624E-01  0.000000E+00  0.000000E+00  6.476549E-02
   459 1.000000E+01 3.008355E+03     2  1.644158E+02  2.072375E-02 -4.381143E-05  0.000000E+00  1.674929E-03  0.000000E+00  1.351449E-08  5.971373E-01  0.000000E+00  0.000000E+00  6.470193E-02
   460 1.000000E+01 3.018355E+03     2  1.644142E+02  2.079592E-02 -4.458649E-05  0.000000E+00  1.673507E-03  0.000000E+00  1.351449E-08  5.988108E-01  0.000000E+00  0.000000E+00  6.463832E-02
   461 1.000000E+01 3.028355E+03     2  1.644125E+02  2.086879E-02 -4.537693E-05  0.000000E+00  1.672051E-03  0.000000E+00  1.351449E-08  6.004829E-01  0.000000E+00  0.000000E+00  6.457468E-02
   462 1.000000E+01 3.038355E+03     2  1.644109E+02  2.094214E-02 -4.614326E-05  0.000000E+00  1.670595E-03  0.000000E+00  1.351449E-08  6.021535E-01  0.000000E+00  0.000000E+00  6.451101E-02
   463 1.000000E+01 3.048355E+03     2  1.644093E+02  2.101598E-02 -4.686805E-05  0.000000E+00  1.669142E-03  0.000000E+00  1.351449E-08  6.038226E-01  0.000000E+00  0.000000E+00  6.444732E-02
   464 1.000000E+01 3.058355E+03     2  1.644076E+02  2.109024E-02 -4.753997E-05  0.000000E+00  1.667702E-03  0.000000E+00  1.351449E-08  6.054903E-01  0.000000E+00  0.000000E+00  6.438361E-02
   465 1.000000E+01 3.068355E+03     2  1.644060E+02  2.116189E-02 -4.478770E-05  0.000000E+00  1.665832E-03  0.000000E+00  1.351449E-08  6.071562E-01  0.000000E+00  0.000000E+00  6.431793E-02
   466 1.000000E+01 3.078355E+03     2  1.644044E+02  2.123940E-02 -4.526566E-05  0.000000E+00  1.663688E-03  0.000000E+00  1.351449E-08  6.088198E-01  0.000000E+00  0.000000E+00  6.424744E-02
   467 1.000000E+01 3.088355E+03     2  1.644028E+02  2.132202E-02 -4.953419E-05  0.000000E+00  1.662326E-03  0.000000E+00  1.351449E-08  6.104822E-01  0.000000E+00  0.000000E+00  6.417954E-02
   468 1.000000E+01 3.098355E+03     2  1.644011E+02  2.140069E-02 -4.998968E-05  0.000000E+00  1.661149E-03  0.000000E+00  1.351449E-08  6.121433E-01  0.000000E+00  0.000000E+00  6.411753E-02
   469 1.000000E+01 3.108355E+03     2  1.643995E+02  2.148060E-02 -5.054284E-05  0.000000E+00  1.659748E-03  0.000000E+00  1.351449E-08  6.138031E-01  0.000000E+00  0.000000E+00  6.405533E-02
   470 1.000000E+01 3.118355E+03     2  1.643979E+02  2.156146E-02 -5.125025E-05  0.000000E+00  1.658278E-03  0.000000E+00  1.351449E-08  6.154613E-01  0.000000E+00  0.000000E+00  6.399295E-02
   471 1.000000E+01 3.128355E+03     2  1.643963E+02  2.164284E-02 -5.172916E-05  0.000000E+00  1.656792E-03  0.000000E+00  1.351449E-08  6.171181E-01  0.000000E+00  0.000000E+00  6.393039E-02
   472 1.000000E+01 3.138355E+03     2  1.643947E+02  2.172466E-02 -5.223724E-05  0.000000E+00  1.655301E-03  0.000000E+00  1.351449E-08  6.187734E-01  0.000000E+00  0.000000E+00  6.386767E-02
   473 1.000000E+01 3.148355E+03     2  1.643931E+02  2.180687E-02 -5.274007E-05  0.000000E+00  1.653816E-03  0.000000E+00  1.351449E-08  6.204273E-01  0.000000E+00  0.000000E+00  6.380478E-02
   474 1.000000E+01 3.158355E+03     2  1.643915E+02  2.188942E-02 -5.320115E-05  0.000000E+00  1.652337E-03  0.000000E+00  1.351449E-08  6.220796E-01  0.000000E+00  0.000000E+00  6.374173E-02
   475 1.000000E+01 3.168355E+03     2  1.643899E+02  2.197228E-02 -5.362203E-05  0.000000E+00  1.650865E-03  0.000000E+00  1.351449E-08  6.237305E-01  0.000000E+00  0.000000E+00  6.367853E-02
   476 1.000000E+01 3.178355E+03     2  1.643882E+02  2.205532E-02 -5.400190E-05  0.000000E+00  1.649403E-03  0.000000E+00  1.351449E-08  6.253799E-01  0.000000E+00  0.000000E+00  6.361517E-02
   477 1.000000E+01 3.188355E+03     2  1.643866E+02  2.213850E-02 -5.433892E-05  0.000000E+00  1.647956E-03  0.000000E+00  1.351449E-08  6.270278E-01  0.000000E+00  0.000000E+00  6.355170E-02
   478 1.000000E+01 3.198355E+03     2  1.643850E+02  2.222183E-02 -5.467716E-05  0.000000E+00  1.646522E-03  0.000000E+00  1.351449E-08  6.286743E-01  0.000000E+00  0.000000E+00  6.348811E-02
   479 1.000000E+01 3.208355E+03     2  1.643834E+02  2.230524E-02 -5.495960E-05  0.000000E+00  1.645089E-03  0.000000E+00  1.351449E-08  6.303194E-01  0.000000E+00  0.000000E+00  6.342439E-02
   480 1.000000E+01 3.218355E+03     2  1.643818E+02  2.238825E-02 -5.473152E-05  0.000000E+00  1.643668E-03  0.000000E+00  1.351449E-08  6.319631E-01  0.000000E+00  0.000000E+00  6.336057E-02
   481 1.000000E+01 3.228355E+03     2  1.643802E+02  2.246939E-02 -5.314702E-05  0.000000E+00  1.642266E-03  0.000000E+00  1.351449E-08  6.336054E-01  0.000000E+00  0.000000E+00  6.329666E-02
   482 1.000000E+01 3.238355E+03     2  1.643786E+02  2.255046E-02 -5.334178E-05  0.000000E+00  1.640872E-03  0.000000E+00  1.351449E-08  6.352462E-01  0.000000E+00  0.000000E+00  6.323265E-02
   483 1.000000E+01 3.248355E+03     2  1.643771E+02  2.263144E-02 -5.350914E-05  0.000000E+00  1.639485E-03  0.000000E+00  1.351449E-08  6.368857E-01  0.000000E+00  0.000000E+00  6.316857E-02
   484 1.000000E+01 3.258355E+03     2  1.643755E+02  2.270980E-02 -5.109249E-05  0.000000E+00  1.638030E-03  0.000000E+00  1.351449E-08  6.385237E-01  0.000000E+00  0.000000E+00  6.310312E-02
   485 1.000000E+01 3.268355E+03     2  1.643739E+02  2.279059E-02 -4.972867E-05  0.000000E+00  1.636458E-03  0.000000E+00  1.351449E-08  6.401602E-01  0.000000E+00  0.000000E+00  6.303079E-02
   486 1.000000E+01 3.278355E+03     2  1.643723E+02  2.286851E-02 -4.996781E-05  0.000000E+00  1.635177E-03  0.000000E+00  1.351449E-08  6.417954E-01  0.000000E+00  0.000000E+00  6.296828E-02
   487 1.000000E+01 3.288355E+03     2  1.643707E+02  2.294702E-02 -5.029824E-05  0.000000E+00  1.633818E-03  0.000000E+00  1.351449E-08  6.434292E-01  0.000000E+00  0.000000E+00  6.290552E-02
   488 1.000000E+01 3.298355E+03     2  1.643691E+02  2.302239E-02 -4.694920E-05  0.000000E+00  1.632084E-03  0.000000E+00  1.351449E-08  6.450613E-01  0.000000E+00  0.000000E+00  6.284191E-02
   489 1.000000E+01 3.308355E+03     2  1.643675E+02  2.310427E-02 -5.106762E-05  0.000000E+00  1.630799E-03  0.000000E+00  1.351449E-08  6.466921E-01  0.000000E+00  0.000000E+00  6.277580E-02
   490 1.000000E+01 3.318355E+03     2  1.643659E+02  2.318288E-02 -5.011850E-05  0.000000E+00  1.629441E-03  0.000000E+00  1.351449E-08  6.483215E-01  0.000000E+00  0.000000E+00  6.270921E-02
   491 1.000000E+01 3.328355E+03     2  1.643643E+02  2.326219E-02 -5.052984E-05  0.000000E+00  1.628049E-03  0.000000E+00  1.351449E-08  6.499496E-01  0.000000E+00  0.000000E+00  6.264709E-02
   492 1.000000E+01 3.338355E+03     2  1.643627E+02  2.334192E-02 -5.090218E-05  0.000000E+00  1.626652E-03  0.000000E+00  1.351449E-08  6.515762E-01  0.000000E+00  0.000000E+00  6.258491E-02
   493 1.000000E+01 3.348355E+03     2  1.643611E+02  2.342191E-02 -5.123352E-05  0.000000E+00  1.625270E-03  0.000000E+00  1.351449E-08  6.532015E-01  0.000000E+00  0.000000E+00  6.252270E-02
   494 1.000000E+01 3.358355E+03     2  1.643595E+02  2.350218E-02 -5.165015E-05  0.000000E+00  1.623911E-03  0.000000E+00  1.351449E-08  6.548254E-01  0.000000E+00  0.000000E+00  6.246045E-02
   495 1.000000E+01 3.368355E+03     2  1.643580E+02  2.358256E-02 -5.193549E-05  0.000000E+00  1.622571E-03  0.000000E+00  1.351449E-08  6.564480E-01  0.000000E+00  0.000000E+00  6.239819E-02
   496 1.000000E+01 3.378355E+03     2  1.643564E+02  2.366299E-02 -5.219523E-05  0.000000E+00  1.621245E-03  0.000000E+00  1.351449E-08  6.580692E-01  0.000000E+00  0.000000E+00  6.233593E-02
   497 1.000000E+01 3.388355E+03     2  1.643548E+02  2.374342E-02 -5.242040E-05  0.000000E+00  1.619930E-03  0.000000E+00  1.351449E-08  6.596892E-01  0.000000E+00  0.000000E+00  6.227368E-02
   498 1.000000E+01 3.398355E+03     2  1.643532E+02  2.382387E-02 -5.261555E-05  0.000000E+00  1.618623E-03  0.000000E+00  1.351449E-08  6.613078E-01  0.000000E+00  0.000000E+00  6.221144E-02
   499 1.000000E+01 3.408355E+03     2  1.643517E+02  2.391145E-02 -5.083607E-05  0.000000E+00  1.617357E-03  0.000000E+00  1.351449E-08  6.629251E-01  0.000000E+00  0.000000E+00  6.214517E-02
   500 1.000000E+01 3.418355E+03     2  1.643501E+02  2.398781E-02 -4.929983E-05  0.000000E+00  1.616076E-03  0.000000E+00  1.351449E-08  6.645412E-01  0.000000E+00  0.000000E+00  6.208357E-02
   501 1.000000E+01 3.428355E+03     2  1.643485E+02  2.406401E-02 -4.953053E-05  0.000000E+00  1.614815E-03  0.000000E+00  1.351449E-08  6.661560E-01  0.000000E+00  0.000000E+00  6.202201E-02
   502 1.000000E+01 3.438355E+03     2  1.643469E+02  2.414004E-02 -4.974093E-05  0.000000E+00  1.613562E-03  0.000000E+00  1.351449E-08  6.677696E-01  0.000000E+00  0.000000E+00  6.196051E-02
   503 1.000000E+01 3.448355E+03     2  1.643453E+02  2.421316E-02 -4.743514E-05  0.000000E+00  1.612315E-03  0.000000E+00  1.351449E-08  6.693819E-01  0.000000E+00  0.000000E+00  6.189528E-02
   504 1.000000E+01 3.458355E+03     2  1.643438E+02  2.428281E-02 -4.346765E-05  0.000000E+00  1.610388E-03  0.000000E+00  1.351449E-08  6.709923E-01  0.000000E+00  0.000000E+00  6.183205E-02
   505 1.000000E+01 3.468355E+03     2  1.643422E+02  2.436343E-02 -4.839038E-05  0.000000E+00  1.609119E-03  0.000000E+00  1.351449E-08  6.726014E-01  0.000000E+00  0.000000E+00  6.176516E-02
   506 1.000000E+01 3.478355E+03     2  1.643406E+02  2.443802E-02 -4.860478E-05  0.000000E+00  1.608139E-03  0.000000E+00  1.351449E-08  6.742095E-01  0.000000E+00  0.000000E+00  6.170589E-02
   507 1.000000E+01 3.488355E+03     2  1.643391E+02  2.451325E-02 -4.893629E-05  0.000000E+00  1.606997E-03  0.000000E+00  1.351449E-08  6.758165E-01  0.000000E+00  0.000000E+00  6.164666E-02
   508 1.000000E+01 3.498355E+03     2  1.643375E+02  2.458874E-02 -4.929340E-05  0.000000E+00  1.605794E-03  0.000000E+00  1.351449E-08  6.774223E-01  0.000000E+00  0.000000E+00  6.158747E-02
   509 1.000000E+01 3.508355E+03     2  1.643359E+02  2.466442E-02 -4.964043E-05  0.000000E+00  1.604577E-03  0.000000E+00  1.351449E-08  6.790269E-01  0.000000E+00  0.000000E+00  6.152831E-02
   510 1.000000E+01 3.518355E+03     2  1.643344E+02  2.474005E-02 -4.996905E-05  0.000000E+00  1.603357E-03  0.000000E+00  1.351449E-08  6.806303E-01  0.000000E+00  0.000000E+00  6.146920E-02
   511 1.000000E+01 3.528355E+03     2  1.643328E+02  2.481567E-02 -5.027634E-05  0.000000E+00  1.602141E-03  0.000000E+00  1.351449E-08  6.822324E-01  0.000000E+00  0.000000E+00  6.141012E-02
   512 1.000000E+01 3.538355E+03     2  1.643312E+02  2.489126E-02 -5.056264E-05  0.000000E+00  1.600934E-03  0.000000E+00  1.351449E-08  6.838333E-01  0.000000E+00  0.000000E+00  6.135108E-02
   513 1.000000E+01 3.548355E+03     2  1.643297E+02  2.497637E-02 -4.687722E-05  0.000000E+00  1.599756E-03  0.000000E+00  1.351449E-08  6.854331E-01  0.000000E+00  0.000000E+00  6.129207E-02
   514 1.000000E+01 3.558355E+03     2  1.643281E+02  2.504789E-02 -4.725449E-05  0.000000E+00  1.598548E-03  0.000000E+00  1.351449E-08  6.870316E-01  0.000000E+00  0.000000E+00  6.123314E-02
   515 1.000000E+01 3.568355E+03     2  1.643266E+02  2.511928E-02 -4.763769E-05  0.000000E+00  1.597361E-03  0.000000E+00  1.351449E-08  6.886290E-01  0.000000E+00  0.000000E+00  6.117424E-02
   516 1.000000E+01 3.578355E+03     2  1.643250E+02  2.518733E-02 -4.434057E-05  0.000000E+00  1.595796E-03  0.000000E+00  1.351449E-08  6.902248E-01  0.000000E+00  0.000000E+00  6.111281E-02
   517 1.000000E+01 3.588355E+03     2  1.643234E+02  2.526572E-02 -4.878530E-05  0.000000E+00  1.594360E-03  0.000000E+00  1.351449E-08  6.918192E-01  0.000000E+00  0.000000E+00  6.104805E-02
   518 5.822543E+00 3.594177E+03     2  1.643225E+02  2.598504E-02 -3.532291E-05  0.000000E+00  9.286152E-04  0.000000E+00  1.351449E-08  6.927478E-01  0.000000E+00  0.000000E+00  6.102707E-02
   519 5.822543E+00 3.600000E+03     2  1.643216E+02  2.602436E-02 -3.430705E-05  0.000000E+00  9.283657E-04  0.000000E+00  1.351449E-08  6.936761E-01  0.000000E+00  0.000000E+00  6.097816E-02
